temperature,study_id,instance,mw_phbv,additive1_type,additive1_percentage_wt,additive2_type,additive2_percentage_wt,hb_ratio_mol,hv_ratio_mol,storage_modulus,log_storage_modulus,log_mw
-25.0,8,1,490000.0,plasticizers_and_flexibility_enhancers,10.0,no_additive,0.0,100.0,0.0,6874.06855439642,3.8372138589981244,5.690196080028514
-12.5,8,1,490000.0,plasticizers_and_flexibility_enhancers,10.0,no_additive,0.0,100.0,0.0,6236.95976154992,3.7949729421602862,5.690196080028514
0.0,8,1,490000.0,plasticizers_and_flexibility_enhancers,10.0,no_additive,0.0,100.0,0.0,5275.70789865871,3.722280741856795,5.690196080028514
12.5,8,1,490000.0,plasticizers_and_flexibility_enhancers,10.0,no_additive,0.0,100.0,0.0,4359.16542473919,3.6394033502492067,5.690196080028514
25.0,8,1,490000.0,plasticizers_and_flexibility_enhancers,10.0,no_additive,0.0,100.0,0.0,3643.81520119225,3.561556343290647,5.690196080028514
37.5,8,1,490000.0,plasticizers_and_flexibility_enhancers,10.0,no_additive,0.0,100.0,0.0,3163.18926974664,3.5001251787469974,5.690196080028514
50.0,8,1,490000.0,plasticizers_and_flexibility_enhancers,10.0,no_additive,0.0,100.0,0.0,2682.56333830104,3.4285499849343135,5.690196080028514
62.5,8,1,490000.0,plasticizers_and_flexibility_enhancers,10.0,no_additive,0.0,100.0,0.0,2201.93740685544,3.342804969384301,5.690196080028514
75.0,8,1,490000.0,plasticizers_and_flexibility_enhancers,10.0,no_additive,0.0,100.0,0.0,1631.89269746646,3.212691599007143,5.690196080028514
87.5,8,1,490000.0,plasticizers_and_flexibility_enhancers,10.0,no_additive,0.0,100.0,0.0,1151.26676602086,3.0611759679278783,5.690196080028514
100.0,8,1,490000.0,plasticizers_and_flexibility_enhancers,10.0,no_additive,0.0,100.0,0.0,815.946348733234,2.911661603343164,5.690196080028514
112.5,8,1,490000.0,plasticizers_and_flexibility_enhancers,10.0,no_additive,0.0,100.0,0.0,558.86736214605,2.7473087475587263,5.690196080028514
125.0,8,1,490000.0,plasticizers_and_flexibility_enhancers,10.0,no_additive,0.0,100.0,0.0,402.384500745156,2.604641243989995,5.690196080028514
137.5,8,1,490000.0,plasticizers_and_flexibility_enhancers,10.0,no_additive,0.0,100.0,0.0,223.54694485842,2.349368738886689,5.690196080028514
-25.0,8,2,490000.0,plasticizers_and_flexibility_enhancers,10.0,reinforcment_and_stiffening_modifiers,5.0,100.0,0.0,7522.35469448584,3.8763538074466846,5.690196080028514
-12.5,8,2,490000.0,plasticizers_and_flexibility_enhancers,10.0,reinforcment_and_stiffening_modifiers,5.0,100.0,0.0,6762.29508196721,3.8300941178751766,5.690196080028514
0.0,8,2,490000.0,plasticizers_and_flexibility_enhancers,10.0,reinforcment_and_stiffening_modifiers,5.0,100.0,0.0,5678.09239940387,3.754202455506627,5.690196080028514
12.5,8,2,490000.0,plasticizers_and_flexibility_enhancers,10.0,reinforcment_and_stiffening_modifiers,5.0,100.0,0.0,4817.43666169895,3.682816013383439,5.690196080028514
25.0,8,2,490000.0,plasticizers_and_flexibility_enhancers,10.0,reinforcment_and_stiffening_modifiers,5.0,100.0,0.0,4102.08643815201,3.613004807474797,5.690196080028514
37.5,8,2,490000.0,plasticizers_and_flexibility_enhancers,10.0,reinforcment_and_stiffening_modifiers,5.0,100.0,0.0,3587.92846497764,3.5548437756275795,5.690196080028514
50.0,8,2,490000.0,plasticizers_and_flexibility_enhancers,10.0,reinforcment_and_stiffening_modifiers,5.0,100.0,0.0,3040.23845007451,3.482907647256906,5.690196080028514
62.5,8,2,490000.0,plasticizers_and_flexibility_enhancers,10.0,reinforcment_and_stiffening_modifiers,5.0,100.0,0.0,2369.59761549925,3.3746746041514584,5.690196080028514
75.0,8,2,490000.0,plasticizers_and_flexibility_enhancers,10.0,reinforcment_and_stiffening_modifiers,5.0,100.0,0.0,1732.48882265275,3.2386704413929976,5.690196080028514
87.5,8,2,490000.0,plasticizers_and_flexibility_enhancers,10.0,reinforcment_and_stiffening_modifiers,5.0,100.0,0.0,1274.21758569299,3.1052435945591785,5.690196080028514
100.0,8,2,490000.0,plasticizers_and_flexibility_enhancers,10.0,reinforcment_and_stiffening_modifiers,5.0,100.0,0.0,961.251862891207,2.9828371944662755,5.690196080028514
112.5,8,2,490000.0,plasticizers_and_flexibility_enhancers,10.0,reinforcment_and_stiffening_modifiers,5.0,100.0,0.0,760.059612518628,2.8808476559289438,5.690196080028514
125.0,8,2,490000.0,plasticizers_and_flexibility_enhancers,10.0,reinforcment_and_stiffening_modifiers,5.0,100.0,0.0,581.222056631892,2.7643420868575066,5.690196080028514
137.5,8,2,490000.0,plasticizers_and_flexibility_enhancers,10.0,reinforcment_and_stiffening_modifiers,5.0,100.0,0.0,424.739195230998,2.6281223398395177,5.690196080028514
-25.0,8,3,490000.0,plasticizers_and_flexibility_enhancers,10.0,reinforcment_and_stiffening_modifiers,10.0,100.0,0.0,7622.95081967213,3.882123117879187,5.690196080028514
-12.5,8,3,490000.0,plasticizers_and_flexibility_enhancers,10.0,reinforcment_and_stiffening_modifiers,10.0,100.0,0.0,7108.79284649776,3.8517958588711214,5.690196080028514
0.0,8,3,490000.0,plasticizers_and_flexibility_enhancers,10.0,reinforcment_and_stiffening_modifiers,10.0,100.0,0.0,6315.20119225037,3.8003871910421463,5.690196080028514
12.5,8,3,490000.0,plasticizers_and_flexibility_enhancers,10.0,reinforcment_and_stiffening_modifiers,10.0,100.0,0.0,5208.64381520119,3.7167246599127077,5.690196080028514
25.0,8,3,490000.0,plasticizers_and_flexibility_enhancers,10.0,reinforcment_and_stiffening_modifiers,10.0,100.0,0.0,4415.0521609538,3.644935838849168,5.690196080028514
37.5,8,3,490000.0,plasticizers_and_flexibility_enhancers,10.0,reinforcment_and_stiffening_modifiers,10.0,100.0,0.0,3856.18479880774,3.586157838295981,5.690196080028514
50.0,8,3,490000.0,plasticizers_and_flexibility_enhancers,10.0,reinforcment_and_stiffening_modifiers,10.0,100.0,0.0,3375.55886736214,3.5283456861798577,5.690196080028514
62.5,8,3,490000.0,plasticizers_and_flexibility_enhancers,10.0,reinforcment_and_stiffening_modifiers,10.0,100.0,0.0,2894.93293591654,3.4616385073039595,5.690196080028514
75.0,8,3,490000.0,plasticizers_and_flexibility_enhancers,10.0,reinforcment_and_stiffening_modifiers,10.0,100.0,0.0,2302.53353204172,3.3622059635918595,5.690196080028514
87.5,8,3,490000.0,plasticizers_and_flexibility_enhancers,10.0,reinforcment_and_stiffening_modifiers,10.0,100.0,0.0,1643.07004470938,3.215656077970882,5.690196080028514
100.0,8,3,490000.0,plasticizers_and_flexibility_enhancers,10.0,reinforcment_and_stiffening_modifiers,10.0,100.0,0.0,1274.21758569299,3.1052435945591785,5.690196080028514
112.5,8,3,490000.0,plasticizers_and_flexibility_enhancers,10.0,reinforcment_and_stiffening_modifiers,10.0,100.0,0.0,994.78390461997,2.997728749867621,5.690196080028514
125.0,8,3,490000.0,plasticizers_and_flexibility_enhancers,10.0,reinforcment_and_stiffening_modifiers,10.0,100.0,0.0,793.591654247392,2.899597091941783,5.690196080028514
137.5,8,3,490000.0,plasticizers_and_flexibility_enhancers,10.0,reinforcment_and_stiffening_modifiers,10.0,100.0,0.0,558.86736214605,2.7473087475587263,5.690196080028514
-25.0,8,4,490000.0,plasticizers_and_flexibility_enhancers,20.0,reinforcment_and_stiffening_modifiers,5.0,100.0,0.0,4046.1997019374,3.607047313755873,5.690196080028514
-12.5,8,4,490000.0,plasticizers_and_flexibility_enhancers,20.0,reinforcment_and_stiffening_modifiers,5.0,100.0,0.0,3643.81520119225,3.561556343290647,5.690196080028514
0.0,8,4,490000.0,plasticizers_and_flexibility_enhancers,20.0,reinforcment_and_stiffening_modifiers,5.0,100.0,0.0,3084.9478390462,3.4892478252879258,5.690196080028514
12.5,8,4,490000.0,plasticizers_and_flexibility_enhancers,20.0,reinforcment_and_stiffening_modifiers,5.0,100.0,0.0,2604.32190760059,3.415694664248726,5.690196080028514
25.0,8,4,490000.0,plasticizers_and_flexibility_enhancers,20.0,reinforcment_and_stiffening_modifiers,5.0,100.0,0.0,2257.82414307004,3.353690112669331,5.690196080028514
37.5,8,4,490000.0,plasticizers_and_flexibility_enhancers,20.0,reinforcment_and_stiffening_modifiers,5.0,100.0,0.0,1967.21311475409,3.2938514110368557,5.690196080028514
50.0,8,4,490000.0,plasticizers_and_flexibility_enhancers,20.0,reinforcment_and_stiffening_modifiers,5.0,100.0,0.0,1687.77943368107,3.227315690515877,5.690196080028514
62.5,8,4,490000.0,plasticizers_and_flexibility_enhancers,20.0,reinforcment_and_stiffening_modifiers,5.0,100.0,0.0,1430.70044709388,3.1555487128705733,5.690196080028514
75.0,8,4,490000.0,plasticizers_and_flexibility_enhancers,20.0,reinforcment_and_stiffening_modifiers,5.0,100.0,0.0,1117.7347242921,3.0483387432227076,5.690196080028514
87.5,8,4,490000.0,plasticizers_and_flexibility_enhancers,20.0,reinforcment_and_stiffening_modifiers,5.0,100.0,0.0,894.187779433681,2.9514287302146514,5.690196080028514
100.0,8,4,490000.0,plasticizers_and_flexibility_enhancers,20.0,reinforcment_and_stiffening_modifiers,5.0,100.0,0.0,670.64083457526,2.826489993606351,5.690196080028514
112.5,8,4,490000.0,plasticizers_and_flexibility_enhancers,20.0,reinforcment_and_stiffening_modifiers,5.0,100.0,0.0,536.512667660208,2.7295799805982948,5.690196080028514
125.0,8,4,490000.0,plasticizers_and_flexibility_enhancers,20.0,reinforcment_and_stiffening_modifiers,5.0,100.0,0.0,357.675111773472,2.5534887215426134,5.690196080028514
137.5,8,4,490000.0,plasticizers_and_flexibility_enhancers,20.0,reinforcment_and_stiffening_modifiers,5.0,100.0,0.0,212.369597615499,2.3270923441755365,5.690196080028514
-40.0,9,1,286000.0,no_additive,0.0,no_additive,0.0,22.9,77.1,2779.45241429746,3.4439592430858803,5.456366033129043
-28.3333333333333,9,1,286000.0,no_additive,0.0,no_additive,0.0,22.9,77.1,2835.9127655067,3.452692867540029,5.456366033129043
-17.4444444444444,9,1,286000.0,no_additive,0.0,no_additive,0.0,22.9,77.1,2742.43805550999,3.438136826783114,5.456366033129043
-6.24444444444444,9,1,286000.0,no_additive,0.0,no_additive,0.0,22.9,77.1,2705.91662214531,3.432314410480348,5.456366033129043
4.33333333333333,9,1,286000.0,no_additive,0.0,no_additive,0.0,22.9,77.1,2616.72672370882,3.417758369723434,5.456366033129043
15.5333333333333,9,1,286000.0,no_additive,0.0,no_additive,0.0,22.9,77.1,2303.80339981427,3.3624454148471608,5.456366033129043
26.2666666666666,9,1,286000.0,no_additive,0.0,no_additive,0.0,22.9,77.1,1490.10504470237,3.1732168850072777,5.456366033129043
37.9333333333333,9,1,286000.0,no_additive,0.0,no_additive,0.0,22.9,77.1,944.614767366805,2.9752547307132455,5.456366033129043
48.9777777777777,9,1,286000.0,no_additive,0.0,no_additive,0.0,22.9,77.1,722.447686488805,2.858806404657933,5.456366033129043
60.3333333333333,9,1,286000.0,no_additive,0.0,no_additive,0.0,22.9,77.1,586.893030196394,2.768558951965065,5.456366033129043
71.6888888888889,9,1,286000.0,no_additive,0.0,no_additive,0.0,22.9,77.1,445.860930199354,2.649199417758369,5.456366033129043
82.8888888888888,9,1,286000.0,no_additive,0.0,no_additive,0.0,22.9,77.1,321.033400009829,2.5065502183406103,5.456366033129043
94.0888888888889,9,1,286000.0,no_additive,0.0,no_additive,0.0,22.9,77.1,239.032558322707,2.378457059679765,5.456366033129043
105.755555555555,9,1,286000.0,no_additive,0.0,no_additive,0.0,22.9,77.1,174.433653263917,2.2416302765647744,5.456366033129043
-40.0,9,2,286000.0,reinforcment_and_stiffening_modifiers,1.0,no_additive,0.0,22.9,77.1,3444.43428893106,3.5371179039301306,5.456366033129043
-28.3333333333333,9,2,286000.0,reinforcment_and_stiffening_modifiers,1.0,no_additive,0.0,22.9,77.1,3375.85884752976,3.528384279475982,5.456366033129043
-17.4444444444444,9,2,286000.0,reinforcment_and_stiffening_modifiers,1.0,no_additive,0.0,22.9,77.1,3375.85884752976,3.528384279475982,5.456366033129043
-6.24444444444444,9,2,286000.0,reinforcment_and_stiffening_modifiers,1.0,no_additive,0.0,22.9,77.1,3286.54396907746,3.5167394468704503,5.456366033129043
4.33333333333333,9,2,286000.0,reinforcment_and_stiffening_modifiers,1.0,no_additive,0.0,22.9,77.1,3052.92515406222,3.4847161572052396,5.456366033129043
15.5333333333333,9,2,286000.0,reinforcment_and_stiffening_modifiers,1.0,no_additive,0.0,22.9,77.1,2599.24466694426,3.4148471615720513,5.456366033129043
26.2666666666666,9,2,286000.0,reinforcment_and_stiffening_modifiers,1.0,no_additive,0.0,22.9,77.1,1658.80835996527,3.219796215429403,5.456366033129043
37.9333333333333,9,2,286000.0,reinforcment_and_stiffening_modifiers,1.0,no_additive,0.0,22.9,77.1,1016.89946858343,3.007278020378453,5.456366033129043
48.9777777777777,9,2,286000.0,reinforcment_and_stiffening_modifiers,1.0,no_additive,0.0,22.9,77.1,757.155116959977,2.879184861717613,5.456366033129043
60.3333333333333,9,2,286000.0,reinforcment_and_stiffening_modifiers,1.0,no_additive,0.0,22.9,77.1,627.582801441869,2.7976710334788932,5.456366033129043
71.6888888888889,9,2,286000.0,reinforcment_and_stiffening_modifiers,1.0,no_additive,0.0,22.9,77.1,483.20777715791,2.6841339155749635,5.456366033129043
82.8888888888888,9,2,286000.0,reinforcment_and_stiffening_modifiers,1.0,no_additive,0.0,22.9,77.1,347.924263161689,2.5414847161572043,5.456366033129043
94.0888888888889,9,2,286000.0,reinforcment_and_stiffening_modifiers,1.0,no_additive,0.0,22.9,77.1,271.500112921937,2.4337700145560404,5.456366033129043
105.755555555555,9,2,286000.0,reinforcment_and_stiffening_modifiers,1.0,no_additive,0.0,22.9,77.1,207.645100667516,2.3173216885007273,5.456366033129043
-40.0,9,3,286000.0,reinforcment_and_stiffening_modifiers,5.0,no_additive,0.0,22.9,77.1,3242.77660072229,3.5109170305676844,5.456366033129043
-28.3333333333333,9,3,286000.0,reinforcment_and_stiffening_modifiers,5.0,no_additive,0.0,22.9,77.1,3199.59208856828,3.5050946142649195,5.456366033129043
-17.4444444444444,9,3,286000.0,reinforcment_and_stiffening_modifiers,5.0,no_additive,0.0,22.9,77.1,3114.94068831897,3.493449781659388,5.456366033129043
-6.24444444444444,9,3,286000.0,reinforcment_and_stiffening_modifiers,5.0,no_additive,0.0,22.9,77.1,3156.9826706374,3.4992721979621546,5.456366033129043
4.33333333333333,9,3,286000.0,reinforcment_and_stiffening_modifiers,5.0,no_additive,0.0,22.9,77.1,2932.57351698624,3.467248908296942,5.456366033129043
15.5333333333333,9,3,286000.0,reinforcment_and_stiffening_modifiers,5.0,no_additive,0.0,22.9,77.1,2530.47661946924,3.4032023289665205,5.456366033129043
26.2666666666666,9,3,286000.0,reinforcment_and_stiffening_modifiers,5.0,no_additive,0.0,22.9,77.1,1625.78304842127,3.211062590975254,5.456366033129043
37.9333333333333,9,3,286000.0,reinforcment_and_stiffening_modifiers,5.0,no_additive,0.0,22.9,77.1,1030.62443921871,3.013100436681221,5.456366033129043
48.9777777777777,9,3,286000.0,reinforcment_and_stiffening_modifiers,5.0,no_additive,0.0,22.9,77.1,767.374349113868,2.885007278020378,5.456366033129043
60.3333333333333,9,3,286000.0,reinforcment_and_stiffening_modifiers,5.0,no_additive,0.0,22.9,77.1,606.8970028245,2.7831149927219796,5.456366033129043
71.6888888888889,9,3,286000.0,reinforcment_and_stiffening_modifiers,5.0,no_additive,0.0,22.9,77.1,470.423580355474,2.6724890829694314,5.456366033129043
82.8888888888888,9,3,286000.0,reinforcment_and_stiffening_modifiers,5.0,no_additive,0.0,22.9,77.1,329.757780200932,2.518195050946143,5.456366033129043
94.0888888888889,9,3,286000.0,reinforcment_and_stiffening_modifiers,5.0,no_additive,0.0,22.9,77.1,250.51602771916,2.398835516739447,5.456366033129043
105.755555555555,9,3,286000.0,reinforcment_and_stiffening_modifiers,5.0,no_additive,0.0,22.9,77.1,181.592340202149,2.25909752547307,5.456366033129043
-40.0,9,4,286000.0,reinforcment_and_stiffening_modifiers,10.0,no_additive,0.0,22.9,77.1,3398.56427297593,3.5312954876273652,5.456366033129043
-28.3333333333333,9,4,286000.0,reinforcment_and_stiffening_modifiers,10.0,no_additive,0.0,22.9,77.1,3375.85884752976,3.528384279475982,5.456366033129043
-17.4444444444444,9,4,286000.0,reinforcment_and_stiffening_modifiers,10.0,no_additive,0.0,22.9,77.1,3286.54396907746,3.5167394468704503,5.456366033129043
-6.24444444444444,9,4,286000.0,reinforcment_and_stiffening_modifiers,10.0,no_additive,0.0,22.9,77.1,3242.77660072229,3.5109170305676844,5.456366033129043
4.33333333333333,9,4,286000.0,reinforcment_and_stiffening_modifiers,10.0,no_additive,0.0,22.9,77.1,3073.45858499314,3.4876273653566225,5.456366033129043
15.5333333333333,9,4,286000.0,reinforcment_and_stiffening_modifiers,10.0,no_additive,0.0,22.9,77.1,2652.0443716701,3.4235807860262004,5.456366033129043
26.2666666666666,9,4,286000.0,reinforcment_and_stiffening_modifiers,10.0,no_additive,0.0,22.9,77.1,1750.19275061743,3.243085880640465,5.456366033129043
37.9333333333333,9,4,286000.0,reinforcment_and_stiffening_modifiers,10.0,no_additive,0.0,22.9,77.1,1080.13712606794,3.033478893740899,5.456366033129043
48.9777777777777,9,4,286000.0,reinforcment_and_stiffening_modifiers,10.0,no_additive,0.0,22.9,77.1,777.731509023217,2.890829694323144,5.456366033129043
60.3333333333333,9,4,286000.0,reinforcment_and_stiffening_modifiers,10.0,no_additive,0.0,22.9,77.1,644.637945738408,2.8093158660844253,5.456366033129043
71.6888888888889,9,4,286000.0,reinforcment_and_stiffening_modifiers,10.0,no_additive,0.0,22.9,77.1,493.023408706424,2.6928675400291118,5.456366033129043
82.8888888888888,9,4,286000.0,reinforcment_and_stiffening_modifiers,10.0,no_additive,0.0,22.9,77.1,329.757780200932,2.518195050946143,5.456366033129043
94.0888888888889,9,4,286000.0,reinforcment_and_stiffening_modifiers,10.0,no_additive,0.0,22.9,77.1,125.597523780369,2.098981077147015,5.456366033129043
-25.0,11,1b,450000.0,no_additive,0.0,no_additive,0.0,100.0,0.0,4044.70318583462,3.6068866571018643,5.653212513775344
-12.5,11,1b,450000.0,no_additive,0.0,no_additive,0.0,100.0,0.0,3939.20783691312,3.5954088952654226,5.653212513775344
0.0,11,1b,450000.0,no_additive,0.0,no_additive,0.0,100.0,0.0,3786.10149920774,3.57819225251076,5.653212513775344
12.5,11,1b,450000.0,no_additive,0.0,no_additive,0.0,100.0,0.0,3591.176321211,3.555236728837876,5.653212513775344
25.0,11,1b,450000.0,no_additive,0.0,no_additive,0.0,100.0,0.0,3317.44279937542,3.5208034433285507,5.653212513775344
37.5,11,1b,450000.0,no_additive,0.0,no_additive,0.0,100.0,0.0,3064.57431848309,3.486370157819225,5.653212513775344
50.0,11,1b,450000.0,no_additive,0.0,no_additive,0.0,100.0,0.0,2868.6380405557798,3.45767575322812,5.653212513775344
62.5,11,1b,450000.0,no_additive,0.0,no_additive,0.0,100.0,0.0,2337.3464990996904,3.3687230989956953,5.653212513775344
75.0,11,1b,450000.0,no_additive,0.0,no_additive,0.0,100.0,0.0,1603.85459539667,3.2051649928263966,5.653212513775344
87.5,11,1b,450000.0,no_additive,0.0,no_additive,0.0,100.0,0.0,1145.04756993828,3.058823529411764,5.653212513775344
100.0,11,1b,450000.0,no_additive,0.0,no_additive,0.0,100.0,0.0,920.729364683497,2.964131994261119,5.653212513775344
112.5,11,1b,450000.0,no_additive,0.0,no_additive,0.0,100.0,0.0,745.263582044152,2.872309899569584,5.653212513775344
120.0,11,1b,450000.0,no_additive,0.0,no_additive,0.0,100.0,0.0,644.4395852417481,2.8091822094691534,5.653212513775344
-25.0,11,2b,450000.0,reinforcment_and_stiffening_modifiers,10.0,no_additive,0.0,100.0,0.0,2738.98510191361,3.437589670014346,5.653212513775344
-12.5,11,2b,450000.0,reinforcment_and_stiffening_modifiers,10.0,no_additive,0.0,100.0,0.0,2738.98510191361,3.437589670014346,5.653212513775344
0.0,11,2b,450000.0,reinforcment_and_stiffening_modifiers,10.0,no_additive,0.0,100.0,0.0,2563.86565940881,3.408895265423242,5.653212513775344
12.5,11,2b,450000.0,reinforcment_and_stiffening_modifiers,10.0,no_additive,0.0,100.0,0.0,2447.98742300305,3.388809182209469,5.653212513775344
25.0,11,2b,450000.0,reinforcment_and_stiffening_modifiers,10.0,no_additive,0.0,100.0,0.0,2217.0096083764997,3.3457675753228107,5.653212513775344
37.5,11,2b,450000.0,reinforcment_and_stiffening_modifiers,10.0,no_additive,0.0,100.0,0.0,1981.46811174359,3.2969870875179335,5.653212513775344
50.0,11,2b,450000.0,reinforcment_and_stiffening_modifiers,10.0,no_additive,0.0,100.0,0.0,1794.50833821613,3.2539454806312764,5.653212513775344
62.5,11,2b,450000.0,reinforcment_and_stiffening_modifiers,10.0,no_additive,0.0,100.0,0.0,1511.26292683742,3.1793400286944027,5.653212513775344
75.0,11,2b,450000.0,reinforcment_and_stiffening_modifiers,10.0,no_additive,0.0,100.0,0.0,1064.77950785697,3.0272596843615487,5.653212513775344
87.5,11,2b,450000.0,reinforcment_and_stiffening_modifiers,10.0,no_additive,0.0,100.0,0.0,770.295040810033,2.886657101865136,5.653212513775344
100.0,11,2b,450000.0,reinforcment_and_stiffening_modifiers,10.0,no_additive,0.0,100.0,0.0,587.502938353401,2.7690100430416065,5.653212513775344
112.5,11,2b,450000.0,reinforcment_and_stiffening_modifiers,10.0,no_additive,0.0,100.0,0.0,488.27637332261395,2.688665710186513,5.653212513775344
120.0,11,2b,450000.0,reinforcment_and_stiffening_modifiers,10.0,no_additive,0.0,100.0,0.0,436.400482794958,2.6398852223816345,5.653212513775344
-25.0,11,3b,450000.0,reinforcment_and_stiffening_modifiers,20.0,no_additive,0.0,100.0,0.0,2632.52817063572,3.4203730272596835,5.653212513775344
-12.5,11,3b,450000.0,reinforcment_and_stiffening_modifiers,20.0,no_additive,0.0,100.0,0.0,2563.86565940881,3.408895265423242,5.653212513775344
0.0,11,3b,450000.0,reinforcment_and_stiffening_modifiers,20.0,no_additive,0.0,100.0,0.0,2464.21514648023,3.391678622668579,5.653212513775344
12.5,11,3b,450000.0,reinforcment_and_stiffening_modifiers,20.0,no_additive,0.0,100.0,0.0,2291.47317527108,3.3601147776183633,5.653212513775344
25.0,11,3b,450000.0,reinforcment_and_stiffening_modifiers,20.0,no_additive,0.0,100.0,0.0,2089.0200640371004,3.319942611190817,5.653212513775344
37.5,11,3b,450000.0,reinforcment_and_stiffening_modifiers,20.0,no_additive,0.0,100.0,0.0,1879.45340757961,3.2740315638450497,5.653212513775344
50.0,11,3b,450000.0,reinforcment_and_stiffening_modifiers,20.0,no_additive,0.0,100.0,0.0,1679.77485553341,3.2252510760401716,5.653212513775344
62.5,11,3b,450000.0,reinforcment_and_stiffening_modifiers,20.0,no_additive,0.0,100.0,0.0,1386.87494619088,3.1420373027259676,5.653212513775344
75.0,11,3b,450000.0,reinforcment_and_stiffening_modifiers,20.0,no_additive,0.0,100.0,0.0,926.832885227355,2.9670014347202294,5.653212513775344
87.5,11,3b,450000.0,reinforcment_and_stiffening_modifiers,20.0,no_additive,0.0,100.0,0.0,670.500108127726,2.826398852223816,5.653212513775344
100.0,11,3b,450000.0,reinforcment_and_stiffening_modifiers,20.0,no_additive,0.0,100.0,0.0,518.19196466092,2.7144906743185073,5.653212513775344
112.5,11,3b,450000.0,reinforcment_and_stiffening_modifiers,20.0,no_additive,0.0,100.0,0.0,427.835582094988,2.6312769010043042,5.653212513775344
120.0,11,3b,450000.0,reinforcment_and_stiffening_modifiers,20.0,no_additive,0.0,100.0,0.0,379.86298158340696,2.5796269727403147,5.653212513775344
-25.0,11,4b,450000.0,reinforcment_and_stiffening_modifiers,50.0,no_additive,0.0,100.0,0.0,1491.42406970276,3.173601147776181,5.653212513775344
-12.5,11,4b,450000.0,reinforcment_and_stiffening_modifiers,50.0,no_additive,0.0,100.0,0.0,1433.45645623031,3.1563845050215202,5.653212513775344
0.0,11,4b,450000.0,reinforcment_and_stiffening_modifiers,50.0,no_additive,0.0,100.0,0.0,1350.70199365599,3.130559540889524,5.653212513775344
12.5,11,4b,450000.0,reinforcment_and_stiffening_modifiers,50.0,no_additive,0.0,100.0,0.0,1239.5293509195499,3.093256814921089,5.653212513775344
25.0,11,4b,450000.0,reinforcment_and_stiffening_modifiers,50.0,no_additive,0.0,100.0,0.0,1100.5426727127801,3.041606886657101,5.653212513775344
37.5,11,4b,450000.0,reinforcment_and_stiffening_modifiers,50.0,no_additive,0.0,100.0,0.0,977.140374742448,2.989956958393113,5.653212513775344
50.0,11,4b,450000.0,reinforcment_and_stiffening_modifiers,50.0,no_additive,0.0,100.0,0.0,844.946610828333,2.926829268292683,5.653212513775344
62.5,11,4b,450000.0,reinforcment_and_stiffening_modifiers,50.0,no_additive,0.0,100.0,0.0,666.0846290809151,2.8235294117647056,5.653212513775344
75.0,11,4b,450000.0,reinforcment_and_stiffening_modifiers,50.0,no_additive,0.0,100.0,0.0,501.352831459984,2.700143472022955,5.653212513775344
87.5,11,4b,450000.0,reinforcment_and_stiffening_modifiers,50.0,no_additive,0.0,100.0,0.0,397.844222813692,2.599713055954089,5.653212513775344
100.0,11,4b,450000.0,reinforcment_and_stiffening_modifiers,50.0,no_additive,0.0,100.0,0.0,326.309593462553,2.5136298421807735,5.653212513775344
112.5,11,4b,450000.0,reinforcment_and_stiffening_modifiers,50.0,no_additive,0.0,100.0,0.0,272.99516150367,2.436154949784791,5.653212513775344
120.0,11,4b,450000.0,reinforcment_and_stiffening_modifiers,50.0,no_additive,0.0,100.0,0.0,248.87586550025802,2.395982783357244,5.653212513775344
-80.0,12,1b,607000.0,no_additive,0.0,no_additive,0.0,95.0,5.0,12525.2353623516,4.0977858954662425,5.7831886910752575
-50.0,12,1b,607000.0,no_additive,0.0,no_additive,0.0,95.0,5.0,11603.1430665387,4.064575647119941,5.7831886910752575
-25.0,12,1b,607000.0,no_additive,0.0,no_additive,0.0,95.0,5.0,11456.2023544844,4.059040676110762,5.7831886910752575
5.0,12,1b,607000.0,no_additive,0.0,no_additive,0.0,95.0,5.0,11026.44056311,4.042435340792004,5.7831886910752575
35.0,12,1b,607000.0,no_additive,0.0,no_additive,0.0,95.0,5.0,5132.53610067319,3.710332012746579,5.7831886910752575
65.0,12,1b,607000.0,no_additive,0.0,no_additive,0.0,95.0,5.0,3370.35171704059,3.527675224550716,5.7831886910752575
95.0,12,1b,607000.0,no_additive,0.0,no_additive,0.0,95.0,5.0,2713.80875605659,3.4335792393753892,5.7831886910752575
125.0,12,1b,607000.0,no_additive,0.0,no_additive,0.0,95.0,5.0,1828.06730791139,3.261992182052276,5.7831886910752575
-80.0,12,2b,607000.0,reinforcment_and_stiffening_modifiers,1.0,no_additive,0.0,95.0,5.0,10345.7043517096,4.014760063454883,5.7831886910752575
-50.0,12,2b,607000.0,reinforcment_and_stiffening_modifiers,1.0,no_additive,0.0,95.0,5.0,9831.50418168328,3.9926199682725563,5.7831886910752575
-25.0,12,2b,607000.0,reinforcment_and_stiffening_modifiers,1.0,no_additive,0.0,95.0,5.0,9831.50418168328,3.9926199682725563,5.7831886910752575
5.0,12,2b,607000.0,reinforcment_and_stiffening_modifiers,1.0,no_additive,0.0,95.0,5.0,7816.08029184298,3.8929890120880506,5.7831886910752575
35.0,12,2b,607000.0,reinforcment_and_stiffening_modifiers,1.0,no_additive,0.0,95.0,5.0,3732.12022994751,3.5719556260609844,5.7831886910752575
65.0,12,2b,607000.0,reinforcment_and_stiffening_modifiers,1.0,no_additive,0.0,95.0,5.0,2328.94237371077,3.367158742682792,5.7831886910752575
95.0,12,2b,607000.0,reinforcment_and_stiffening_modifiers,1.0,no_additive,0.0,95.0,5.0,1759.4927439568,3.2453874801703466,5.7831886910752575
125.0,12,2b,607000.0,reinforcment_and_stiffening_modifiers,1.0,no_additive,0.0,95.0,5.0,1155.39499212353,3.0627304808288747,5.7831886910752575
-80.0,12,3b,607000.0,reinforcment_and_stiffening_modifiers,1.0,no_additive,0.0,95.0,5.0,11456.2023544844,4.059040676110762,5.7831886910752575
-50.0,12,3b,607000.0,reinforcment_and_stiffening_modifiers,1.0,no_additive,0.0,95.0,5.0,11026.44056311,4.042435340792004,5.7831886910752575
-25.0,12,3b,607000.0,reinforcment_and_stiffening_modifiers,1.0,no_additive,0.0,95.0,5.0,10478.4065753226,4.020295245609676,5.7831886910752575
5.0,12,3b,607000.0,reinforcment_and_stiffening_modifiers,1.0,no_additive,0.0,95.0,5.0,6793.6516649548,3.8321032752590236,5.7831886910752575
35.0,12,3b,607000.0,reinforcment_and_stiffening_modifiers,1.0,no_additive,0.0,95.0,5.0,3370.35171704059,3.527675224550716,5.7831886910752575
65.0,12,3b,607000.0,reinforcment_and_stiffening_modifiers,1.0,no_additive,0.0,95.0,5.0,2514.01907608095,3.4003685687378713,5.7831886910752575
95.0,12,3b,607000.0,reinforcment_and_stiffening_modifiers,1.0,no_additive,0.0,95.0,5.0,1923.68035837507,3.2841329106714365,5.7831886910752575
125.0,12,3b,607000.0,reinforcment_and_stiffening_modifiers,1.0,no_additive,0.0,95.0,5.0,1200.42716898224,3.0793358161476325,5.7831886910752575
-80.0,12,4b,607000.0,reinforcment_and_stiffening_modifiers,2.5,no_additive,0.0,95.0,5.0,13869.6821376817,4.142066508122118,5.7831886910752575
-50.0,12,4b,607000.0,reinforcment_and_stiffening_modifiers,2.5,no_additive,0.0,95.0,5.0,12848.6070906655,4.10885604863021,5.7831886910752575
-25.0,12,4b,607000.0,reinforcment_and_stiffening_modifiers,2.5,no_additive,0.0,95.0,5.0,13520.6121527115,4.13099635495815,5.7831886910752575
5.0,12,4b,607000.0,reinforcment_and_stiffening_modifiers,2.5,no_additive,0.0,95.0,5.0,10478.4065753226,4.020295245609676,5.7831886910752575
35.0,12,4b,607000.0,reinforcment_and_stiffening_modifiers,2.5,no_additive,0.0,95.0,5.0,6057.4230070546,3.782287902739575,5.7831886910752575
65.0,12,4b,607000.0,reinforcment_and_stiffening_modifiers,2.5,no_additive,0.0,95.0,5.0,4185.7259196675,3.6217707874348233,5.7831886910752575
95.0,12,4b,607000.0,reinforcment_and_stiffening_modifiers,2.5,no_additive,0.0,95.0,5.0,3501.71138937163,3.5442803487238654,5.7831886910752575
125.0,12,4b,607000.0,reinforcment_and_stiffening_modifiers,2.5,no_additive,0.0,95.0,5.0,2103.18816873455,3.3228781300269143,5.7831886910752575
-80.0,12,5b,607000.0,reinforcment_and_stiffening_modifiers,2.5,no_additive,0.0,95.0,5.0,11026.44056311,4.042435340792004,5.7831886910752575
-50.0,12,5b,607000.0,reinforcment_and_stiffening_modifiers,2.5,no_additive,0.0,95.0,5.0,11311.1169814679,4.053505493955974,5.7831886910752575
-25.0,12,5b,607000.0,reinforcment_and_stiffening_modifiers,2.5,no_additive,0.0,95.0,5.0,10478.4065753226,4.020295245609676,5.7831886910752575
5.0,12,5b,607000.0,reinforcment_and_stiffening_modifiers,2.5,no_additive,0.0,95.0,5.0,6793.6516649548,3.8321032752590236,5.7831886910752575
35.0,12,5b,607000.0,reinforcment_and_stiffening_modifiers,2.5,no_additive,0.0,95.0,5.0,3828.47468031266,3.5830257792249536,5.7831886910752575
65.0,12,5b,607000.0,reinforcment_and_stiffening_modifiers,2.5,no_additive,0.0,95.0,5.0,2929.47434405614,3.466789698867298,5.7831886910752575
95.0,12,5b,607000.0,reinforcment_and_stiffening_modifiers,2.5,no_additive,0.0,95.0,5.0,2389.06895420506,3.3782286847011522,5.7831886910752575
125.0,12,5b,607000.0,reinforcment_and_stiffening_modifiers,2.5,no_additive,0.0,95.0,5.0,1490.84190037802,3.1734315901773513,5.7831886910752575
-24.656155956081,20,1d,280000.0,no_additive,0.0,no_additive,0.0,80.0,20.0,2564.88517193642,3.4090679268315904,5.447158031342219
-4.17211475856545,20,1d,280000.0,no_additive,0.0,no_additive,0.0,80.0,20.0,2402.69830108601,3.380699241299339,5.447158031342219
10.2026483966112,20,1d,280000.0,no_additive,0.0,no_additive,0.0,80.0,20.0,1850.22169360921,3.267223768696402,5.447158031342219
22.7805723263722,20,1d,280000.0,no_additive,0.0,no_additive,0.0,80.0,20.0,1313.06940633011,3.118287682669462,5.447158031342219
38.2334513547612,20,1d,280000.0,no_additive,0.0,no_additive,0.0,80.0,20.0,916.767956770894,2.9622594252594596,5.447158031342219
53.0032822506418,20,1d,280000.0,no_additive,0.0,no_additive,0.0,80.0,20.0,750.550625134483,2.8753799910163877,5.447158031342219
68.8668673876972,20,1d,280000.0,no_additive,0.0,no_additive,0.0,80.0,20.0,599.950527270833,2.778115439351762,5.447158031342219
84.4224229432527,20,1d,280000.0,no_additive,0.0,no_additive,0.0,80.0,20.0,489.744304160697,2.689969393751075,5.447158031342219
98.5918330440962,20,1d,280000.0,no_additive,0.0,no_additive,0.0,80.0,20.0,312.925372157811,2.4954407774044434,5.447158031342219
106.138619480656,20,1d,280000.0,no_additive,0.0,no_additive,0.0,80.0,20.0,208.520582615592,2.319148929694379,5.447158031342219
116.765677056288,20,1d,280000.0,no_additive,0.0,no_additive,0.0,80.0,20.0,100.702326026476,2.00303950202131,5.447158031342219
-24.4664412697103,20,2d,270000.0,no_additive,0.0,no_additive,0.0,95.0,5.0,1459.26288005383,3.1641335352606754,5.431363764158987
-3.98240007219471,20,2d,270000.0,no_additive,0.0,no_additive,0.0,95.0,5.0,1418.97795675242,3.1519756489210784,5.431363764158987
9.26292128414928,20,2d,270000.0,no_additive,0.0,no_additive,0.0,95.0,5.0,1304.67284932078,3.1155016246653267,5.431363764158987
23.8943757572424,20,2d,270000.0,no_additive,0.0,no_additive,0.0,95.0,5.0,1035.61318481665,3.01519757097939,5.431363764158987
45.6105476187202,20,2d,270000.0,no_additive,0.0,no_additive,0.0,95.0,5.0,827.814481092531,2.9179330193147655,5.431363764158987
71.3311040396958,20,2d,270000.0,no_additive,0.0,no_additive,0.0,95.0,5.0,714.666184634772,2.854103233375889,5.431363764158987
89.8129529574625,20,2d,270000.0,no_additive,0.0,no_additive,0.0,95.0,5.0,657.09621507636,2.817628965628827,5.431363764158987
119.845948195361,20,2d,270000.0,no_additive,0.0,no_additive,0.0,95.0,5.0,440.937325365999,2.644376863431385,5.431363764158987
-24.3124388169233,20,3d,500000.0,no_additive,0.0,no_additive,0.0,88.0,12.0,875.486147876827,2.9422492789765764,5.698970004336019
-2.13422258319576,20,3d,500000.0,no_additive,0.0,no_additive,0.0,88.0,12.0,680.497790171779,2.8328267192267003,5.698970004336019
15.8855819623212,20,3d,500000.0,no_additive,0.0,no_additive,0.0,88.0,12.0,507.185871846547,2.7051671473489476,5.698970004336019
37.9097834052989,20,3d,500000.0,no_additive,0.0,no_additive,0.0,88.0,12.0,347.563011222626,2.541033551215443,5.698970004336019
56.5456347758527,20,3d,500000.0,no_additive,0.0,no_additive,0.0,88.0,12.0,306.423642889738,2.486322271340506,5.698970004336019
74.7194541121196,20,3d,500000.0,no_additive,0.0,no_additive,0.0,88.0,12.0,279.774740488383,2.446808501572131,5.698970004336019
91.0450959593876,20,3d,500000.0,no_additive,0.0,no_additive,0.0,88.0,12.0,251.892784792351,2.4012157277611315,5.698970004336019
119.691945742574,20,3d,500000.0,no_additive,0.0,no_additive,0.0,88.0,12.0,155.413720689882,2.191489357816626,5.698970004336019
-24.4664412697103,20,4d,150000.0,no_additive,0.0,no_additive,0.0,95.0,5.0,755.821937516685,2.8784194930377005,5.176091259055681
9.41693607489918,20,4d,150000.0,no_additive,0.0,no_additive,0.0,95.0,5.0,709.682301808344,2.8510639748458866,5.176091259055681
33.2893150068757,20,4d,150000.0,no_additive,0.0,no_additive,0.0,95.0,5.0,571.266721159948,2.756838925202574,5.176091259055681
56.5456347758527,20,4d,150000.0,no_additive,0.0,no_additive,0.0,95.0,5.0,503.648616530664,2.7021276453276357,5.176091259055681
106.138619480656,20,4d,150000.0,no_additive,0.0,no_additive,0.0,95.0,5.0,347.563011222626,2.541033551215443,5.176091259055681
-40.0,21,1a,350000.0,no_additive,0.0,no_additive,0.0,3.0,97.0,3307.34,3.5194788433968403,5.544068044350276
-20.0,21,1a,350000.0,no_additive,0.0,no_additive,0.0,3.0,97.0,3285.93,3.5166583074442825,5.544068044350276
0.0,21,1a,350000.0,no_additive,0.0,no_additive,0.0,3.0,97.0,3243.12,3.510963018476749,5.544068044350276
20.0,21,1a,350000.0,no_additive,0.0,no_additive,0.0,3.0,97.0,3071.87,3.4874028326233826,5.544068044350276
40.0,21,1a,350000.0,no_additive,0.0,no_additive,0.0,3.0,97.0,2568.81,3.409731983206362,5.544068044350276
60.0,21,1a,350000.0,no_additive,0.0,no_additive,0.0,3.0,97.0,2065.75,3.315077761428482,5.544068044350276
80.0,21,1a,350000.0,no_additive,0.0,no_additive,0.0,3.0,97.0,1530.58,3.1848560341297287,5.544068044350276
100.0,21,1a,350000.0,no_additive,0.0,no_additive,0.0,3.0,97.0,1081.04,3.0338417637570867,5.544068044350276
-40.0,21,2a,350000.0,plasticizers_and_flexibility_enhancers,10.0,no_additive,0.0,3.0,97.0,3050.46,3.4843653345592958,5.544068044350276
-20.0,21,2a,350000.0,plasticizers_and_flexibility_enhancers,10.0,no_additive,0.0,3.0,97.0,2964.83,3.471999796459624,5.544068044350276
0.0,21,2a,350000.0,plasticizers_and_flexibility_enhancers,10.0,no_additive,0.0,3.0,97.0,2814.98,3.4494753136028202,5.544068044350276
20.0,21,2a,350000.0,plasticizers_and_flexibility_enhancers,10.0,no_additive,0.0,3.0,97.0,2579.51,3.4115372158442954,5.544068044350276
40.0,21,2a,350000.0,plasticizers_and_flexibility_enhancers,10.0,no_additive,0.0,3.0,97.0,2162.08,3.3348717594210675,5.544068044350276
60.0,21,2a,350000.0,plasticizers_and_flexibility_enhancers,10.0,no_additive,0.0,3.0,97.0,1691.13,3.2281769938263465,5.544068044350276
80.0,21,2a,350000.0,plasticizers_and_flexibility_enhancers,10.0,no_additive,0.0,3.0,97.0,1166.67,3.0669480304702175,5.544068044350276
100.0,21,2a,350000.0,plasticizers_and_flexibility_enhancers,10.0,no_additive,0.0,3.0,97.0,781.35,2.8928456164883785,5.544068044350276
-40.0,21,3a,350000.0,plasticizers_and_flexibility_enhancers,30.0,no_additive,0.0,3.0,97.0,2868.5,3.4576548542184598,5.544068044350276
-20.0,21,3a,350000.0,plasticizers_and_flexibility_enhancers,30.0,no_additive,0.0,3.0,97.0,2707.95,3.4326406412078754,5.544068044350276
0.0,21,3a,350000.0,plasticizers_and_flexibility_enhancers,30.0,no_additive,0.0,3.0,97.0,2440.37,3.3874556774764963,5.544068044350276
20.0,21,3a,350000.0,plasticizers_and_flexibility_enhancers,30.0,no_additive,0.0,3.0,97.0,2172.78,3.337015755026027,5.544068044350276
40.0,21,3a,350000.0,plasticizers_and_flexibility_enhancers,30.0,no_additive,0.0,3.0,97.0,1840.98,3.265049070450338,5.544068044350276
60.0,21,3a,350000.0,plasticizers_and_flexibility_enhancers,30.0,no_additive,0.0,3.0,97.0,1466.36,3.166240605243705,5.544068044350276
80.0,21,3a,350000.0,plasticizers_and_flexibility_enhancers,30.0,no_additive,0.0,3.0,97.0,974.01,2.9885634157313103,5.544068044350276
100.0,21,3a,350000.0,plasticizers_and_flexibility_enhancers,30.0,no_additive,0.0,3.0,97.0,642.2,2.8076703012304836,5.544068044350276
-40.0,21,4a,350000.0,plasticizers_and_flexibility_enhancers,50.0,no_additive,0.0,3.0,97.0,2707.95,3.4326406412078754,5.544068044350276
-20.0,21,4a,350000.0,plasticizers_and_flexibility_enhancers,50.0,no_additive,0.0,3.0,97.0,2504.59,3.3987366422547587,5.544068044350276
0.0,21,4a,350000.0,plasticizers_and_flexibility_enhancers,50.0,no_additive,0.0,3.0,97.0,2076.45,3.3173214779522615,5.544068044350276
20.0,21,4a,350000.0,plasticizers_and_flexibility_enhancers,50.0,no_additive,0.0,3.0,97.0,1755.35,3.2443637236016603,5.544068044350276
40.0,21,4a,350000.0,plasticizers_and_flexibility_enhancers,50.0,no_additive,0.0,3.0,97.0,1477.06,3.1693981372480766,5.544068044350276
60.0,21,4a,350000.0,plasticizers_and_flexibility_enhancers,50.0,no_additive,0.0,3.0,97.0,1188.07,3.0748420296334973,5.544068044350276
80.0,21,4a,350000.0,plasticizers_and_flexibility_enhancers,50.0,no_additive,0.0,3.0,97.0,856.27,2.9326107284866993,5.544068044350276
100.0,21,4a,350000.0,plasticizers_and_flexibility_enhancers,50.0,no_additive,0.0,3.0,97.0,545.87,2.7370892269447764,5.544068044350276
-40.0,21,5a,350000.0,no_additive,0.0,no_additive,0.0,0.0,100.0,3000.0,3.4771212547196626,5.544068044350276
-20.0,21,5a,350000.0,no_additive,0.0,no_additive,0.0,0.0,100.0,3000.0,3.4771212547196626,5.544068044350276
0.0,21,5a,350000.0,no_additive,0.0,no_additive,0.0,0.0,100.0,2964.29,3.4719206889290373,5.544068044350276
20.0,21,5a,350000.0,no_additive,0.0,no_additive,0.0,0.0,100.0,2797.62,3.4467887240547594,5.544068044350276
40.0,21,5a,350000.0,no_additive,0.0,no_additive,0.0,0.0,100.0,2380.95,3.3767502753074004,5.544068044350276
60.0,21,5a,350000.0,no_additive,0.0,no_additive,0.0,0.0,100.0,1964.29,3.293205605702588,5.544068044350276
80.0,21,5a,350000.0,no_additive,0.0,no_additive,0.0,0.0,100.0,1392.86,3.143907466543842,5.544068044350276
100.0,21,5a,350000.0,no_additive,0.0,no_additive,0.0,0.0,100.0,892.86,2.950783367069937,5.544068044350276
-40.0,21,6a,350000.0,plasticizers_and_flexibility_enhancers,10.0,no_additive,0.0,0.0,100.0,3702.38,3.568480991249319,5.544068044350276
-20.0,21,6a,350000.0,plasticizers_and_flexibility_enhancers,10.0,no_additive,0.0,0.0,100.0,3619.05,3.558594583266832,5.544068044350276
0.0,21,6a,350000.0,plasticizers_and_flexibility_enhancers,10.0,no_additive,0.0,0.0,100.0,3380.95,3.5290387481438636,5.544068044350276
20.0,21,6a,350000.0,plasticizers_and_flexibility_enhancers,10.0,no_additive,0.0,0.0,100.0,3095.24,3.4906943291669967,5.544068044350276
40.0,21,6a,350000.0,plasticizers_and_flexibility_enhancers,10.0,no_additive,0.0,0.0,100.0,2583.33,3.41217988740631,5.544068044350276
60.0,21,6a,350000.0,plasticizers_and_flexibility_enhancers,10.0,no_additive,0.0,0.0,100.0,2154.76,3.3333989049004087,5.544068044350276
80.0,21,6a,350000.0,plasticizers_and_flexibility_enhancers,10.0,no_additive,0.0,0.0,100.0,1511.9,3.1795230670352854,5.544068044350276
100.0,21,6a,350000.0,plasticizers_and_flexibility_enhancers,10.0,no_additive,0.0,0.0,100.0,1000.0,3.0,5.544068044350276
-40.0,21,7a,350000.0,plasticizers_and_flexibility_enhancers,30.0,no_additive,0.0,0.0,100.0,3130.95,3.495676132165787,5.544068044350276
-20.0,21,7a,350000.0,plasticizers_and_flexibility_enhancers,30.0,no_additive,0.0,0.0,100.0,2940.48,3.468418229846141,5.544068044350276
0.0,21,7a,350000.0,plasticizers_and_flexibility_enhancers,30.0,no_additive,0.0,0.0,100.0,2559.52,3.4081585274614556,5.544068044350276
20.0,21,7a,350000.0,plasticizers_and_flexibility_enhancers,30.0,no_additive,0.0,0.0,100.0,2333.33,3.367976164873463,5.544068044350276
40.0,21,7a,350000.0,plasticizers_and_flexibility_enhancers,30.0,no_additive,0.0,0.0,100.0,1952.38,3.290564350134798,5.544068044350276
60.0,21,7a,350000.0,plasticizers_and_flexibility_enhancers,30.0,no_additive,0.0,0.0,100.0,1619.05,3.209260260976222,5.544068044350276
80.0,21,7a,350000.0,plasticizers_and_flexibility_enhancers,30.0,no_additive,0.0,0.0,100.0,1130.95,3.0534434049218313,5.544068044350276
100.0,21,7a,350000.0,plasticizers_and_flexibility_enhancers,30.0,no_additive,0.0,0.0,100.0,738.1,2.868115205327217,5.544068044350276
-40.0,21,8a,350000.0,plasticizers_and_flexibility_enhancers,50.0,no_additive,0.0,0.0,100.0,2642.86,3.422074157896051,5.544068044350276
-20.0,21,8a,350000.0,plasticizers_and_flexibility_enhancers,50.0,no_additive,0.0,0.0,100.0,2440.48,3.3874752529164374,5.544068044350276
0.0,21,8a,350000.0,plasticizers_and_flexibility_enhancers,50.0,no_additive,0.0,0.0,100.0,1940.48,3.287909170943903,5.544068044350276
20.0,21,8a,350000.0,plasticizers_and_flexibility_enhancers,50.0,no_additive,0.0,0.0,100.0,1666.67,3.221849618204452,5.544068044350276
40.0,21,8a,350000.0,plasticizers_and_flexibility_enhancers,50.0,no_additive,0.0,0.0,100.0,1476.19,3.1691422590053366,5.544068044350276
60.0,21,8a,350000.0,plasticizers_and_flexibility_enhancers,50.0,no_additive,0.0,0.0,100.0,1297.62,3.1131475306268688,5.544068044350276
80.0,21,8a,350000.0,plasticizers_and_flexibility_enhancers,50.0,no_additive,0.0,0.0,100.0,964.29,2.984207663010176,5.544068044350276
100.0,21,8a,350000.0,plasticizers_and_flexibility_enhancers,50.0,no_additive,0.0,0.0,100.0,642.86,2.808116403954495,5.544068044350276
-40.0,25,1,380000.0,no_additive,0.0,no_additive,0.0,20.0,80.0,1365.74,3.1353680292776187,5.57978359661681
-20.0,25,1,380000.0,no_additive,0.0,no_additive,0.0,20.0,80.0,1333.33,3.124937650870738,5.57978359661681
0.0,25,1,380000.0,no_additive,0.0,no_additive,0.0,20.0,80.0,1194.44,3.0771643388298253,5.57978359661681
20.0,25,1,380000.0,no_additive,0.0,no_additive,0.0,20.0,80.0,708.33,2.850235635923121,5.57978359661681
40.0,25,1,380000.0,no_additive,0.0,no_additive,0.0,20.0,80.0,532.41,2.726246204022835,5.57978359661681
60.0,25,1,380000.0,no_additive,0.0,no_additive,0.0,20.0,80.0,263.89,2.4214229331260557,5.57978359661681
80.0,25,1,380000.0,no_additive,0.0,no_additive,0.0,20.0,80.0,120.37,2.0805182605271177,5.57978359661681
-40.0,25,2,380000.0,reinforcment_and_stiffening_modifiers,0.1,no_additive,0.0,20.0,80.0,1722.22,3.2360886283506285,5.57978359661681
-20.0,25,2,380000.0,reinforcment_and_stiffening_modifiers,0.1,no_additive,0.0,20.0,80.0,1694.44,3.2290261951089185,5.57978359661681
0.0,25,2,380000.0,reinforcment_and_stiffening_modifiers,0.1,no_additive,0.0,20.0,80.0,1518.52,3.181420516262475,5.57978359661681
20.0,25,2,380000.0,reinforcment_and_stiffening_modifiers,0.1,no_additive,0.0,20.0,80.0,907.41,2.957803561045149,5.57978359661681
40.0,25,2,380000.0,reinforcment_and_stiffening_modifiers,0.1,no_additive,0.0,20.0,80.0,675.93,2.829901722290988,5.57978359661681
60.0,25,2,380000.0,reinforcment_and_stiffening_modifiers,0.1,no_additive,0.0,20.0,80.0,342.59,2.5347746820147736,5.57978359661681
80.0,25,2,380000.0,reinforcment_and_stiffening_modifiers,0.1,no_additive,0.0,20.0,80.0,162.04,2.2096222345115506,5.57978359661681
-40.0,25,3,380000.0,reinforcment_and_stiffening_modifiers,0.5,no_additive,0.0,20.0,80.0,2518.52,3.401145404014516,5.57978359661681
-20.0,25,3,380000.0,reinforcment_and_stiffening_modifiers,0.5,no_additive,0.0,20.0,80.0,2375.0,3.3756636139608855,5.57978359661681
0.0,25,3,380000.0,reinforcment_and_stiffening_modifiers,0.5,no_additive,0.0,20.0,80.0,1962.96,3.2929114499024665,5.57978359661681
20.0,25,3,380000.0,reinforcment_and_stiffening_modifiers,0.5,no_additive,0.0,20.0,80.0,1189.81,3.0754776147205383,5.57978359661681
40.0,25,3,380000.0,reinforcment_and_stiffening_modifiers,0.5,no_additive,0.0,20.0,80.0,847.22,2.9279961994449373,5.57978359661681
60.0,25,3,380000.0,reinforcment_and_stiffening_modifiers,0.5,no_additive,0.0,20.0,80.0,407.41,2.610031684682602,5.57978359661681
80.0,25,3,380000.0,reinforcment_and_stiffening_modifiers,0.5,no_additive,0.0,20.0,80.0,189.81,2.278319089178811,5.57978359661681
-40.0,25,4,380000.0,reinforcment_and_stiffening_modifiers,1.0,no_additive,0.0,20.0,80.0,2634.26,3.4206586373655945,5.57978359661681
-20.0,25,4,380000.0,reinforcment_and_stiffening_modifiers,1.0,no_additive,0.0,20.0,80.0,2518.52,3.401145404014516,5.57978359661681
0.0,25,4,380000.0,reinforcment_and_stiffening_modifiers,1.0,no_additive,0.0,20.0,80.0,2092.59,3.320684145596158,5.57978359661681
20.0,25,4,380000.0,reinforcment_and_stiffening_modifiers,1.0,no_additive,0.0,20.0,80.0,1259.26,3.100115408350535,5.57978359661681
40.0,25,4,380000.0,reinforcment_and_stiffening_modifiers,1.0,no_additive,0.0,20.0,80.0,939.81,2.973040061799631,5.57978359661681
60.0,25,4,380000.0,reinforcment_and_stiffening_modifiers,1.0,no_additive,0.0,20.0,80.0,472.22,2.6741443768674396,5.57978359661681
80.0,25,4,380000.0,reinforcment_and_stiffening_modifiers,1.0,no_additive,0.0,20.0,80.0,236.11,2.3731143812034583,5.57978359661681
30.0,31,1,450000.0,no_additive,0.0,no_additive,0.0,87.0,13.0,1190.48,3.075722103678237,5.653212513775344
35.0,31,1,450000.0,no_additive,0.0,no_additive,0.0,87.0,13.0,1150.79,3.060996079353422,5.653212513775344
40.0,31,1,450000.0,no_additive,0.0,no_additive,0.0,87.0,13.0,1051.59,3.021846447569863,5.653212513775344
45.0,31,1,450000.0,no_additive,0.0,no_additive,0.0,87.0,13.0,1001.98,3.00085905289218,5.653212513775344
50.0,31,1,450000.0,no_additive,0.0,no_additive,0.0,87.0,13.0,873.02,2.9410241930642695,5.653212513775344
55.0,31,1,450000.0,no_additive,0.0,no_additive,0.0,87.0,13.0,803.57,2.9050237146893783,5.653212513775344
60.0,31,1,450000.0,no_additive,0.0,no_additive,0.0,87.0,13.0,694.44,2.841634728411172,5.653212513775344
65.0,31,1,450000.0,no_additive,0.0,no_additive,0.0,87.0,13.0,625.0,2.7958800173440754,5.653212513775344
70.0,31,1,450000.0,no_additive,0.0,no_additive,0.0,87.0,13.0,515.87,2.712540272565515,5.653212513775344
75.0,31,1,450000.0,no_additive,0.0,no_additive,0.0,87.0,13.0,476.19,2.6777802709713816,5.653212513775344
30.0,31,2,450000.0,reinforcment_and_stiffening_modifiers,15.0,no_additive,0.0,87.0,13.0,1587.3,3.2006590162517194,5.653212513775344
35.0,31,2,450000.0,reinforcment_and_stiffening_modifiers,15.0,no_additive,0.0,87.0,13.0,1527.78,3.1840608204275616,5.653212513775344
40.0,31,2,450000.0,reinforcment_and_stiffening_modifiers,15.0,no_additive,0.0,87.0,13.0,1408.73,3.1488277633389576,5.653212513775344
45.0,31,2,450000.0,reinforcment_and_stiffening_modifiers,15.0,no_additive,0.0,87.0,13.0,1309.52,3.1171121356923766,5.653212513775344
50.0,31,2,450000.0,reinforcment_and_stiffening_modifiers,15.0,no_additive,0.0,87.0,13.0,1160.71,3.0647237260848383,5.653212513775344
55.0,31,2,450000.0,reinforcment_and_stiffening_modifiers,15.0,no_additive,0.0,87.0,13.0,1081.35,3.0339662845792437,5.653212513775344
60.0,31,2,450000.0,reinforcment_and_stiffening_modifiers,15.0,no_additive,0.0,87.0,13.0,972.22,2.9877645509087523,5.653212513775344
65.0,31,2,450000.0,reinforcment_and_stiffening_modifiers,15.0,no_additive,0.0,87.0,13.0,863.1,2.9360611166099884,5.653212513775344
70.0,31,2,450000.0,reinforcment_and_stiffening_modifiers,15.0,no_additive,0.0,87.0,13.0,833.33,2.920817016770973,5.653212513775344
75.0,31,2,450000.0,reinforcment_and_stiffening_modifiers,15.0,no_additive,0.0,87.0,13.0,753.97,2.87735406590471,5.653212513775344
30.0,31,3,450000.0,reinforcment_and_stiffening_modifiers,30.0,no_additive,0.0,87.0,13.0,2371.03,3.3749370490233304,5.653212513775344
35.0,31,3,450000.0,reinforcment_and_stiffening_modifiers,30.0,no_additive,0.0,87.0,13.0,2281.75,3.3582680592021807,5.653212513775344
40.0,31,3,450000.0,reinforcment_and_stiffening_modifiers,30.0,no_additive,0.0,87.0,13.0,2172.62,3.3369837731062333,5.653212513775344
45.0,31,3,450000.0,reinforcment_and_stiffening_modifiers,30.0,no_additive,0.0,87.0,13.0,2073.41,3.316685188794964,5.653212513775344
50.0,31,3,450000.0,reinforcment_and_stiffening_modifiers,30.0,no_additive,0.0,87.0,13.0,1855.16,3.26838137169798,5.653212513775344
55.0,31,3,450000.0,reinforcment_and_stiffening_modifiers,30.0,no_additive,0.0,87.0,13.0,1716.27,3.234585611185251,5.653212513775344
60.0,31,3,450000.0,reinforcment_and_stiffening_modifiers,30.0,no_additive,0.0,87.0,13.0,1527.78,3.1840608204275616,5.653212513775344
65.0,31,3,450000.0,reinforcment_and_stiffening_modifiers,30.0,no_additive,0.0,87.0,13.0,1359.13,3.1332609987357762,5.653212513775344
70.0,31,3,450000.0,reinforcment_and_stiffening_modifiers,30.0,no_additive,0.0,87.0,13.0,1220.24,3.086445257252456,5.653212513775344
75.0,31,3,450000.0,reinforcment_and_stiffening_modifiers,30.0,no_additive,0.0,87.0,13.0,1140.87,3.057236160194566,5.653212513775344
30.0,31,4,450000.0,reinforcment_and_stiffening_modifiers,40.0,no_additive,0.0,87.0,13.0,3541.67,3.549208092750242,5.653212513775344
35.0,31,4,450000.0,reinforcment_and_stiffening_modifiers,40.0,no_additive,0.0,87.0,13.0,3353.17,3.5254555719764977,5.653212513775344
40.0,31,4,450000.0,reinforcment_and_stiffening_modifiers,40.0,no_additive,0.0,87.0,13.0,3115.08,3.49346920448232,5.653212513775344
45.0,31,4,450000.0,reinforcment_and_stiffening_modifiers,40.0,no_additive,0.0,87.0,13.0,2867.06,3.457436781679046,5.653212513775344
50.0,31,4,450000.0,reinforcment_and_stiffening_modifiers,40.0,no_additive,0.0,87.0,13.0,2609.13,3.4164957183781457,5.653212513775344
55.0,31,4,450000.0,reinforcment_and_stiffening_modifiers,40.0,no_additive,0.0,87.0,13.0,2311.51,3.363895776612701,5.653212513775344
60.0,31,4,450000.0,reinforcment_and_stiffening_modifiers,40.0,no_additive,0.0,87.0,13.0,2083.33,3.318758067752686,5.653212513775344
65.0,31,4,450000.0,reinforcment_and_stiffening_modifiers,40.0,no_additive,0.0,87.0,13.0,1865.08,3.270697464999078,5.653212513775344
70.0,31,4,450000.0,reinforcment_and_stiffening_modifiers,40.0,no_additive,0.0,87.0,13.0,1696.43,3.229535944004162,5.653212513775344
75.0,31,4,450000.0,reinforcment_and_stiffening_modifiers,40.0,no_additive,0.0,87.0,13.0,1547.62,3.1896643335030155,5.653212513775344
30.0,31,5,450000.0,reinforcment_and_stiffening_modifiers,50.0,no_additive,0.0,87.0,13.0,4186.51,3.621852132911954,5.653212513775344
35.0,31,5,450000.0,reinforcment_and_stiffening_modifiers,50.0,no_additive,0.0,87.0,13.0,4017.86,3.6039947999366837,5.653212513775344
40.0,31,5,450000.0,reinforcment_and_stiffening_modifiers,50.0,no_additive,0.0,87.0,13.0,3759.92,3.575178604521233,5.653212513775344
45.0,31,5,450000.0,reinforcment_and_stiffening_modifiers,50.0,no_additive,0.0,87.0,13.0,3472.22,3.540607234292212,5.653212513775344
50.0,31,5,450000.0,reinforcment_and_stiffening_modifiers,50.0,no_additive,0.0,87.0,13.0,3184.52,3.503043980765207,5.653212513775344
55.0,31,5,450000.0,reinforcment_and_stiffening_modifiers,50.0,no_additive,0.0,87.0,13.0,2867.06,3.457436781679046,5.653212513775344
60.0,31,5,450000.0,reinforcment_and_stiffening_modifiers,50.0,no_additive,0.0,87.0,13.0,2619.05,3.4181437895733104,5.653212513775344
65.0,31,5,450000.0,reinforcment_and_stiffening_modifiers,50.0,no_additive,0.0,87.0,13.0,2380.95,3.3767502753074004,5.653212513775344
70.0,31,5,450000.0,reinforcment_and_stiffening_modifiers,50.0,no_additive,0.0,87.0,13.0,2162.7,3.334996280243225,5.653212513775344
75.0,31,5,450000.0,reinforcment_and_stiffening_modifiers,50.0,no_additive,0.0,87.0,13.0,2013.89,3.304035745414389,5.653212513775344
-75.0,32,2,548277.0,reinforcment_and_stiffening_modifiers,5.0,no_additive,0.0,100.0,0.0,4652.406,3.667677607145371,5.7390000277864655
-50.0,32,2,548277.0,reinforcment_and_stiffening_modifiers,5.0,no_additive,0.0,100.0,0.0,4625.668,3.665174458754051,5.7390000277864655
-25.0,32,2,548277.0,reinforcment_and_stiffening_modifiers,5.0,no_additive,0.0,100.0,0.0,4318.182,3.6353009427527248,5.7390000277864655
0.0,32,2,548277.0,reinforcment_and_stiffening_modifiers,5.0,no_additive,0.0,100.0,0.0,3910.428,3.5922242939343887,5.7390000277864655
25.0,32,2,548277.0,reinforcment_and_stiffening_modifiers,5.0,no_additive,0.0,100.0,0.0,2627.005,3.4194608993830795,5.7390000277864655
50.0,32,2,548277.0,reinforcment_and_stiffening_modifiers,5.0,no_additive,0.0,100.0,0.0,1664.439,3.2212678833323727,5.7390000277864655
75.0,32,2,548277.0,reinforcment_and_stiffening_modifiers,5.0,no_additive,0.0,100.0,0.0,1076.203,3.031894198341984,5.7390000277864655
97.5,32,2,548277.0,reinforcment_and_stiffening_modifiers,5.0,no_additive,0.0,100.0,0.0,755.348,2.8781470836284053,5.7390000277864655
-50.0,45,1b,290000.0,no_additive,0.0,no_additive,0.0,100.0,0.0,6672.268292682927,3.8242735010123408,5.4623979978989565
-37.5,45,1b,290000.0,no_additive,0.0,no_additive,0.0,100.0,0.0,6034.4838709677415,3.780640130841613,5.4623979978989565
-25.0,45,1b,290000.0,no_additive,0.0,no_additive,0.0,100.0,0.0,6173.206896551724,3.7905108326977075,5.4623979978989565
-12.5,45,1b,290000.0,no_additive,0.0,no_additive,0.0,100.0,0.0,5973.515151515151,3.7762299695960677,5.4623979978989565
0.0,45,1b,290000.0,no_additive,0.0,no_additive,0.0,100.0,0.0,5828.179487179487,3.7655329180278283,5.4623979978989565
12.5,45,1b,290000.0,no_additive,0.0,no_additive,0.0,100.0,0.0,5229.890909090909,3.718492629962118,5.4623979978989565
25.0,45,1b,290000.0,no_additive,0.0,no_additive,0.0,100.0,0.0,4022.9878048780483,3.6045487160705907,5.4623979978989565
37.5,45,1b,290000.0,no_additive,0.0,no_additive,0.0,100.0,0.0,3123.1052631578946,3.494586622218737,5.4623979978989565
50.0,45,1b,290000.0,no_additive,0.0,no_additive,0.0,100.0,0.0,2627.2653061224487,3.419503930862654,5.4623979978989565
62.5,45,1b,290000.0,no_additive,0.0,no_additive,0.0,100.0,0.0,2170.289473684211,3.336517664004874,5.4623979978989565
75.0,45,1b,290000.0,no_additive,0.0,no_additive,0.0,100.0,0.0,1661.6739130434783,3.2205458018425164,5.4623979978989565
87.5,45,1b,290000.0,no_additive,0.0,no_additive,0.0,100.0,0.0,1330.1774193548388,3.12390957112343,5.4623979978989565
100.0,45,1b,290000.0,no_additive,0.0,no_additive,0.0,100.0,0.0,1167.1604938271605,3.0671305790882455,5.4623979978989565
112.5,45,1b,290000.0,no_additive,0.0,no_additive,0.0,100.0,0.0,914.3131313131312,2.961094957125307,5.4623979978989565
125.0,45,1b,290000.0,no_additive,0.0,no_additive,0.0,100.0,0.0,776.3684210526316,2.890067862056995,5.4623979978989565
-50.0,45,2b,290000.0,crosslinking_agent,0.25,no_additive,0.0,100.0,0.0,10446.806451612903,4.018983548589486,5.4623979978989565
-37.5,45,2b,290000.0,crosslinking_agent,0.25,no_additive,0.0,100.0,0.0,10757.130434782608,4.031696434662415,5.4623979978989565
-25.0,45,2b,290000.0,crosslinking_agent,0.25,no_additive,0.0,100.0,0.0,10407.304347826086,4.017338255114116,5.4623979978989565
-12.5,45,2b,290000.0,crosslinking_agent,0.25,no_additive,0.0,100.0,0.0,9610.481481481482,3.9827451462026167,5.4623979978989565
0.0,45,2b,290000.0,crosslinking_agent,0.25,no_additive,0.0,100.0,0.0,9003.833333333332,3.954427447336527,5.4623979978989565
12.5,45,2b,290000.0,crosslinking_agent,0.25,no_additive,0.0,100.0,0.0,7935.753424657534,3.8995881651977538,5.4623979978989565
25.0,45,2b,290000.0,crosslinking_agent,0.25,no_additive,0.0,100.0,0.0,4821.1984126984125,3.6831550049048936,5.4623979978989565
37.5,45,2b,290000.0,crosslinking_agent,0.25,no_additive,0.0,100.0,0.0,3151.3444444444444,3.4984958744993175,5.4623979978989565
50.0,45,2b,290000.0,crosslinking_agent,0.25,no_additive,0.0,100.0,0.0,2369.088888888889,3.3745813558809425,5.4623979978989565
62.5,45,2b,290000.0,crosslinking_agent,0.25,no_additive,0.0,100.0,0.0,1828.6363636363635,3.262127351749055,5.4623979978989565
75.0,45,2b,290000.0,crosslinking_agent,0.25,no_additive,0.0,100.0,0.0,1444.1538461538462,3.159613461223,5.4623979978989565
87.5,45,2b,290000.0,crosslinking_agent,0.25,no_additive,0.0,100.0,0.0,1199.1538461538462,3.078874904741458,5.4623979978989565
100.0,45,2b,290000.0,crosslinking_agent,0.25,no_additive,0.0,100.0,0.0,1019.5205479452055,3.0083959831983065,5.4623979978989565
112.5,45,2b,290000.0,crosslinking_agent,0.25,no_additive,0.0,100.0,0.0,826.9444444444445,2.9174763338794376,5.4623979978989565
125.0,45,2b,290000.0,crosslinking_agent,0.25,no_additive,0.0,100.0,0.0,650.7745098039217,2.8134305337111916,5.4623979978989565
-50.0,45,3b,290000.0,crosslinking_agent,0.5,no_additive,0.0,100.0,0.0,15360.5,4.186405352655567,5.4623979978989565
-37.5,45,3b,290000.0,crosslinking_agent,0.5,no_additive,0.0,100.0,0.0,15567.217391304348,4.192210990243052,5.4623979978989565
-25.0,45,3b,290000.0,crosslinking_agent,0.5,no_additive,0.0,100.0,0.0,13714.727272727274,4.137187175766485,5.4623979978989565
-12.5,45,3b,290000.0,crosslinking_agent,0.5,no_additive,0.0,100.0,0.0,13447.203703703704,4.128631983794995,5.4623979978989565
0.0,45,3b,290000.0,crosslinking_agent,0.5,no_additive,0.0,100.0,0.0,11609.199999999999,4.064802293161804,5.4623979978989565
12.5,45,3b,290000.0,crosslinking_agent,0.5,no_additive,0.0,100.0,0.0,8762.940594059406,3.942649867523448,5.4623979978989565
25.0,45,3b,290000.0,crosslinking_agent,0.5,no_additive,0.0,100.0,0.0,5666.183098591549,3.753290604321931,5.4623979978989565
37.5,45,3b,290000.0,crosslinking_agent,0.5,no_additive,0.0,100.0,0.0,3531.9921259842517,3.548019726716006,5.4623979978989565
50.0,45,3b,290000.0,crosslinking_agent,0.5,no_additive,0.0,100.0,0.0,2248.141176470588,3.351823580134124,5.4623979978989565
62.5,45,3b,290000.0,crosslinking_agent,0.5,no_additive,0.0,100.0,0.0,1885.78125,3.2754913133070365,5.4623979978989565
75.0,45,3b,290000.0,crosslinking_agent,0.5,no_additive,0.0,100.0,0.0,1595.3275862068965,3.202849875025917,5.4623979978989565
87.5,45,3b,290000.0,crosslinking_agent,0.5,no_additive,0.0,100.0,0.0,1232.8548387096773,3.0909119440258364,5.4623979978989565
100.0,45,3b,290000.0,crosslinking_agent,0.5,no_additive,0.0,100.0,0.0,891.1645569620254,2.9499579055878375,5.4623979978989565
112.5,45,3b,290000.0,crosslinking_agent,0.5,no_additive,0.0,100.0,0.0,670.4999999999999,2.8263987821876175,5.4623979978989565
125.0,45,3b,290000.0,crosslinking_agent,0.5,no_additive,0.0,100.0,0.0,678.0337078651686,2.83125128498203,5.4623979978989565
-50.0,45,4b,290000.0,crosslinking_agent,1.0,no_additive,0.0,100.0,0.0,17879.944444444445,4.25236616504666,5.4623979978989565
-37.5,45,4b,290000.0,crosslinking_agent,1.0,no_additive,0.0,100.0,0.0,17841.08695652174,4.251421309952616,5.4623979978989565
-25.0,45,4b,290000.0,crosslinking_agent,1.0,no_additive,0.0,100.0,0.0,17536.102564102566,4.2439330768871635,5.4623979978989565
-12.5,45,4b,290000.0,crosslinking_agent,1.0,no_additive,0.0,100.0,0.0,14942.52380952381,4.17442395651419,5.4623979978989565
0.0,45,4b,290000.0,crosslinking_agent,1.0,no_additive,0.0,100.0,0.0,13440.439393939392,4.128413466875841,5.4623979978989565
12.5,45,4b,290000.0,crosslinking_agent,1.0,no_additive,0.0,100.0,0.0,10524.136,4.022186451696818,5.4623979978989565
25.0,45,4b,290000.0,crosslinking_agent,1.0,no_additive,0.0,100.0,0.0,5639.161849710983,3.751214559462917,5.4623979978989565
37.5,45,4b,290000.0,crosslinking_agent,1.0,no_additive,0.0,100.0,0.0,3138.620689655172,3.496738833271418,5.4623979978989565
50.0,45,4b,290000.0,crosslinking_agent,1.0,no_additive,0.0,100.0,0.0,2357.21875,3.372399886940823,5.4623979978989565
62.5,45,4b,290000.0,crosslinking_agent,1.0,no_additive,0.0,100.0,0.0,1749.1304347826085,3.2428221965536683,5.4623979978989565
75.0,45,4b,290000.0,crosslinking_agent,1.0,no_additive,0.0,100.0,0.0,1475.088888888889,3.1688181916977656,5.4623979978989565
87.5,45,4b,290000.0,crosslinking_agent,1.0,no_additive,0.0,100.0,0.0,1301.5490196078433,3.114460529375173,5.4623979978989565
100.0,45,4b,290000.0,crosslinking_agent,1.0,no_additive,0.0,100.0,0.0,1200.8955223880596,3.079505225534416,5.4623979978989565
112.5,45,4b,290000.0,crosslinking_agent,1.0,no_additive,0.0,100.0,0.0,883.0975609756098,2.9460086852908507,5.4623979978989565
125.0,45,4b,290000.0,crosslinking_agent,1.0,no_additive,0.0,100.0,0.0,655.9239130434783,2.816853464281387,5.4623979978989565
-19.766,50,1,245000.0,no_additive,0.0,no_additive,0.0,95.0,5.0,3950.796,3.5966846053935178,5.389166084364533
-13.808,50,1,245000.0,no_additive,0.0,no_additive,0.0,95.0,5.0,3933.43,3.5947714257942716,5.389166084364533
-7.033,50,1,245000.0,no_additive,0.0,no_additive,0.0,95.0,5.0,3916.064,3.5928497808378714,5.389166084364533
-0.374,50,1,245000.0,no_additive,0.0,no_additive,0.0,95.0,5.0,3855.282,3.5860561506268276,5.389166084364533
5.818,50,1,245000.0,no_additive,0.0,no_additive,0.0,95.0,5.0,3768.452,3.576162987892831,5.389166084364533
13.061,50,1,245000.0,no_additive,0.0,no_additive,0.0,95.0,5.0,3612.156,3.5577664981409645,5.389166084364533
19.136,50,1,245000.0,no_additive,0.0,no_additive,0.0,95.0,5.0,3455.861,3.5385562661717302,5.389166084364533
24.86,50,1,245000.0,no_additive,0.0,no_additive,0.0,95.0,5.0,3195.369,3.504521017552445,5.389166084364533
31.752,50,1,245000.0,no_additive,0.0,no_additive,0.0,95.0,5.0,2943.56,3.4688728926718295,5.389166084364533
38.879,50,1,245000.0,no_additive,0.0,no_additive,0.0,95.0,5.0,2709.117,3.4328277615326646,5.389166084364533
46.355,50,1,245000.0,no_additive,0.0,no_additive,0.0,95.0,5.0,2483.357,3.3950391569227625,5.389166084364533
51.963,50,1,245000.0,no_additive,0.0,no_additive,0.0,95.0,5.0,2301.013,3.361919072302853,5.389166084364533
58.154,50,1,245000.0,no_additive,0.0,no_additive,0.0,95.0,5.0,2092.619,3.3206901641916335,5.389166084364533
63.995,50,1,245000.0,no_additive,0.0,no_additive,0.0,95.0,5.0,1892.909,3.2771297361255494,5.389166084364533
70.187,50,1,245000.0,no_additive,0.0,no_additive,0.0,95.0,5.0,1727.931,3.237526396176698,5.389166084364533
78.131,50,1,245000.0,no_additive,0.0,no_additive,0.0,95.0,5.0,1554.269,3.1915261850604413,5.389166084364533
-19.766,50,2,245000.0,reinforcment_and_stiffening_modifiers,10.0,no_additive,0.0,95.0,5.0,4619.392,3.6645848178891756,5.389166084364533
-13.808,50,2,245000.0,reinforcment_and_stiffening_modifiers,10.0,no_additive,0.0,95.0,5.0,4602.026,3.662949067966834,5.389166084364533
-7.033,50,2,245000.0,reinforcment_and_stiffening_modifiers,10.0,no_additive,0.0,95.0,5.0,4567.294,3.659658968354993,5.389166084364533
-0.374,50,2,245000.0,reinforcment_and_stiffening_modifiers,10.0,no_additive,0.0,95.0,5.0,4497.829,3.653002940257441,5.389166084364533
5.818,50,2,245000.0,reinforcment_and_stiffening_modifiers,10.0,no_additive,0.0,95.0,5.0,4350.217,3.6385109212194693,5.389166084364533
13.061,50,2,245000.0,reinforcment_and_stiffening_modifiers,10.0,no_additive,0.0,95.0,5.0,4202.605,3.623518572879132,5.389166084364533
19.136,50,2,245000.0,reinforcment_and_stiffening_modifiers,10.0,no_additive,0.0,95.0,5.0,4028.944,3.605191230987284,5.389166084364533
24.86,50,2,245000.0,reinforcment_and_stiffening_modifiers,10.0,no_additive,0.0,95.0,5.0,3785.818,3.5781597317895306,5.389166084364533
31.752,50,2,245000.0,reinforcment_and_stiffening_modifiers,10.0,no_additive,0.0,95.0,5.0,3455.861,3.5385562661717302,5.389166084364533
38.879,50,2,245000.0,reinforcment_and_stiffening_modifiers,10.0,no_additive,0.0,95.0,5.0,3186.686,3.503339272389444,5.389166084364533
46.355,50,2,245000.0,reinforcment_and_stiffening_modifiers,10.0,no_additive,0.0,95.0,5.0,2978.292,3.4739672749379555,5.389166084364533
51.963,50,2,245000.0,reinforcment_and_stiffening_modifiers,10.0,no_additive,0.0,95.0,5.0,2795.948,3.446529089991003,5.389166084364533
58.154,50,2,245000.0,reinforcment_and_stiffening_modifiers,10.0,no_additive,0.0,95.0,5.0,2604.92,3.415794390172183,5.389166084364533
63.995,50,2,245000.0,reinforcment_and_stiffening_modifiers,10.0,no_additive,0.0,95.0,5.0,2422.576,3.3842774104340054,5.389166084364533
70.187,50,2,245000.0,reinforcment_and_stiffening_modifiers,10.0,no_additive,0.0,95.0,5.0,2179.45,3.3383469100716754,5.389166084364533
78.131,50,2,245000.0,reinforcment_and_stiffening_modifiers,10.0,no_additive,0.0,95.0,5.0,1918.958,3.283065469489067,5.389166084364533
-19.766,50,3,245000.0,reinforcment_and_stiffening_modifiers,17.5,no_additive,0.0,95.0,5.0,4489.146,3.6521637301428553,5.389166084364533
-13.808,50,3,245000.0,reinforcment_and_stiffening_modifiers,17.5,no_additive,0.0,95.0,5.0,4497.829,3.653002940257441,5.389166084364533
-7.033,50,3,245000.0,reinforcment_and_stiffening_modifiers,17.5,no_additive,0.0,95.0,5.0,4419.682,3.6453910226039477,5.389166084364533
-0.374,50,3,245000.0,reinforcment_and_stiffening_modifiers,17.5,no_additive,0.0,95.0,5.0,4358.9,3.6393769057356566,5.389166084364533
5.818,50,3,245000.0,reinforcment_and_stiffening_modifiers,17.5,no_additive,0.0,95.0,5.0,4228.654,3.6262021514419693,5.389166084364533
13.061,50,3,245000.0,reinforcment_and_stiffening_modifiers,17.5,no_additive,0.0,95.0,5.0,4107.091,3.613534325536882,5.389166084364533
19.136,50,3,245000.0,reinforcment_and_stiffening_modifiers,17.5,no_additive,0.0,95.0,5.0,3924.747,3.593811666165267,5.389166084364533
24.86,50,3,245000.0,reinforcment_and_stiffening_modifiers,17.5,no_additive,0.0,95.0,5.0,3672.938,3.565013597420944,5.389166084364533
31.752,50,3,245000.0,reinforcment_and_stiffening_modifiers,17.5,no_additive,0.0,95.0,5.0,3316.932,3.520736568194947,5.389166084364533
38.879,50,3,245000.0,reinforcment_and_stiffening_modifiers,17.5,no_additive,0.0,95.0,5.0,3021.708,3.480252494378984,5.389166084364533
46.355,50,3,245000.0,reinforcment_and_stiffening_modifiers,17.5,no_additive,0.0,95.0,5.0,2787.265,3.4451782613457107,5.389166084364533
51.963,50,3,245000.0,reinforcment_and_stiffening_modifiers,17.5,no_additive,0.0,95.0,5.0,2587.554,3.4128894219074133,5.389166084364533
58.154,50,3,245000.0,reinforcment_and_stiffening_modifiers,17.5,no_additive,0.0,95.0,5.0,2361.795,3.3732421988522105,5.389166084364533
63.995,50,3,245000.0,reinforcment_and_stiffening_modifiers,17.5,no_additive,0.0,95.0,5.0,2179.45,3.3383469100716754,5.389166084364533
70.187,50,3,245000.0,reinforcment_and_stiffening_modifiers,17.5,no_additive,0.0,95.0,5.0,1971.056,3.2946989632675185,5.389166084364533
78.131,50,3,245000.0,reinforcment_and_stiffening_modifiers,17.5,no_additive,0.0,95.0,5.0,1745.297,3.241869342175239,5.389166084364533
-19.766,50,4,245000.0,reinforcment_and_stiffening_modifiers,29.3,no_additive,0.0,95.0,5.0,5253.256,3.720428565219317,5.389166084364533
-13.808,50,4,245000.0,reinforcment_and_stiffening_modifiers,29.3,no_additive,0.0,95.0,5.0,5227.207,3.7182696987160226,5.389166084364533
-7.033,50,4,245000.0,reinforcment_and_stiffening_modifiers,29.3,no_additive,0.0,95.0,5.0,5201.158,3.7161000469080543,5.389166084364533
-0.374,50,4,245000.0,reinforcment_and_stiffening_modifiers,29.3,no_additive,0.0,95.0,5.0,5157.742,3.712459614114693,5.389166084364533
5.818,50,4,245000.0,reinforcment_and_stiffening_modifiers,29.3,no_additive,0.0,95.0,5.0,5027.496,3.7013517337335,5.389166084364533
13.061,50,4,245000.0,reinforcment_and_stiffening_modifiers,29.3,no_additive,0.0,95.0,5.0,4897.25,3.689952274908383,5.389166084364533
19.136,50,4,245000.0,reinforcment_and_stiffening_modifiers,29.3,no_additive,0.0,95.0,5.0,4723.589,3.674272102574569,5.389166084364533
24.86,50,4,245000.0,reinforcment_and_stiffening_modifiers,29.3,no_additive,0.0,95.0,5.0,4419.682,3.6453910226039477,5.389166084364533
31.752,50,4,245000.0,reinforcment_and_stiffening_modifiers,29.3,no_additive,0.0,95.0,5.0,3959.479,3.5976380439278133,5.389166084364533
38.879,50,4,245000.0,reinforcment_and_stiffening_modifiers,29.3,no_additive,0.0,95.0,5.0,3707.67,3.5691010729490538,5.389166084364533
46.355,50,4,245000.0,reinforcment_and_stiffening_modifiers,29.3,no_additive,0.0,95.0,5.0,3386.397,3.52973787072581,5.389166084364533
51.963,50,4,245000.0,reinforcment_and_stiffening_modifiers,29.3,no_additive,0.0,95.0,5.0,3151.954,3.4985798707172817,5.389166084364533
58.154,50,4,245000.0,reinforcment_and_stiffening_modifiers,29.3,no_additive,0.0,95.0,5.0,2926.194,3.466303115479153,5.389166084364533
63.995,50,4,245000.0,reinforcment_and_stiffening_modifiers,29.3,no_additive,0.0,95.0,5.0,2648.336,3.4229730841244415,5.389166084364533
70.187,50,4,245000.0,reinforcment_and_stiffening_modifiers,29.3,no_additive,0.0,95.0,5.0,2405.21,3.3811530008178114,5.389166084364533
78.131,50,4,245000.0,reinforcment_and_stiffening_modifiers,29.3,no_additive,0.0,95.0,5.0,2127.352,3.3278393559156862,5.389166084364533
-20.0,56,1a,293500.0,no_additive,0.0,no_additive,0.0,100.0,0.0,895279196.134,8.951958492781552,5.467608105583634
-10.0,56,1a,293500.0,no_additive,0.0,no_additive,0.0,100.0,0.0,929148434.912,8.968085099691931,5.467608105583634
0.0,56,1a,293500.0,no_additive,0.0,no_additive,0.0,100.0,0.0,774315798.452,8.888918120312907,5.467608105583634
10.0,56,1a,293500.0,no_additive,0.0,no_additive,0.0,100.0,0.0,654056643.976,8.81561536162846,5.467608105583634
20.0,56,1a,293500.0,no_additive,0.0,no_additive,0.0,100.0,0.0,579211765.893,8.762837375375735,5.467608105583634
30.0,56,1a,293500.0,no_additive,0.0,no_additive,0.0,100.0,0.0,539573008.813,8.73205021672863,5.467608105583634
40.0,56,1a,293500.0,no_additive,0.0,no_additive,0.0,100.0,0.0,490908635.601,8.691000671865352,5.467608105583634
50.0,56,1a,293500.0,no_additive,0.0,no_additive,0.0,100.0,0.0,428902388.642,8.63235846491744,5.467608105583634
60.0,56,1a,293500.0,no_additive,0.0,no_additive,0.0,100.0,0.0,375995210.767,8.575182313143856,5.467608105583634
70.0,56,1a,293500.0,no_additive,0.0,no_additive,0.0,100.0,0.0,331847287.211,8.520938271717073,5.467608105583634
80.0,56,1a,293500.0,no_additive,0.0,no_additive,0.0,100.0,0.0,293873405.312,8.46816028546408,5.467608105583634
90.0,56,1a,293500.0,no_additive,0.0,no_additive,0.0,100.0,0.0,265569765.598,8.424178630254085,5.467608105583634
100.0,56,1a,293500.0,no_additive,0.0,no_additive,0.0,100.0,0.0,244077221.57,8.387527250912271,5.467608105583634
110.0,56,1a,293500.0,no_additive,0.0,no_additive,0.0,100.0,0.0,221315408.138,8.34501165087423,5.467608105583634
120.0,56,1a,293500.0,no_additive,0.0,no_additive,0.0,100.0,0.0,204092162.193,8.309826326706808,5.467608105583634
-50.0,59,1,550000.0,no_additive,0.0,no_additive,0.0,100.0,0.0,6256.374,3.7963227025328172,5.740362689494244
-40.0,59,1,550000.0,no_additive,0.0,no_additive,0.0,100.0,0.0,5889.518,3.770079753444851,5.740362689494244
-30.0,59,1,550000.0,no_additive,0.0,no_additive,0.0,100.0,0.0,5433.428,3.735073916467018,5.740362689494244
-20.0,59,1,550000.0,no_additive,0.0,no_additive,0.0,100.0,0.0,4808.782,3.6820350893335214,5.740362689494244
-10.0,59,1,550000.0,no_additive,0.0,no_additive,0.0,100.0,0.0,4174.221,3.620575438629698,5.740362689494244
0.0,59,1,550000.0,no_additive,0.0,no_additive,0.0,100.0,0.0,3618.98,3.558586183021535,5.740362689494244
10.0,59,1,550000.0,no_additive,0.0,no_additive,0.0,100.0,0.0,3133.144,3.49598035561207,5.740362689494244
20.0,59,1,550000.0,no_additive,0.0,no_additive,0.0,100.0,0.0,2736.544,3.437202435414237,5.740362689494244
30.0,59,1,550000.0,no_additive,0.0,no_additive,0.0,100.0,0.0,2439.093,3.3872283598122155,5.740362689494244
40.0,59,1,550000.0,no_additive,0.0,no_additive,0.0,100.0,0.0,2191.218,3.3406855868200953,5.740362689494244
50.0,59,1,550000.0,no_additive,0.0,no_additive,0.0,100.0,0.0,1883.853,3.2750470111003867,5.740362689494244
60.0,59,1,550000.0,no_additive,0.0,no_additive,0.0,100.0,0.0,1507.082,3.1781368828247007,5.740362689494244
70.0,59,1,550000.0,no_additive,0.0,no_additive,0.0,100.0,0.0,1279.037,3.106883107937143,5.740362689494244
80.0,59,1,550000.0,no_additive,0.0,no_additive,0.0,100.0,0.0,1100.567,3.04161648654822,5.740362689494244
90.0,59,1,550000.0,no_additive,0.0,no_additive,0.0,100.0,0.0,961.756,2.9830649043719,5.740362689494244
100.0,59,1,550000.0,no_additive,0.0,no_additive,0.0,100.0,0.0,832.861,2.9205725260524518,5.740362689494244
110.0,59,1,550000.0,no_additive,0.0,no_additive,0.0,100.0,0.0,713.881,2.8536258233299856,5.740362689494244
-50.0,59,2,550000.0,reinforcment_and_stiffening_modifiers,5.0,no_additive,0.0,100.0,0.0,6603.399,3.819767539626938,5.740362689494244
-40.0,59,2,550000.0,reinforcment_and_stiffening_modifiers,5.0,no_additive,0.0,100.0,0.0,6266.289,3.797010420582544,5.740362689494244
-30.0,59,2,550000.0,reinforcment_and_stiffening_modifiers,5.0,no_additive,0.0,100.0,0.0,5790.368,3.7627061656774594,5.740362689494244
-20.0,59,2,550000.0,reinforcment_and_stiffening_modifiers,5.0,no_additive,0.0,100.0,0.0,5235.127,3.718927221779939,5.740362689494244
-10.0,59,2,550000.0,reinforcment_and_stiffening_modifiers,5.0,no_additive,0.0,100.0,0.0,4541.076,3.6571587703670367,5.740362689494244
0.0,59,2,550000.0,reinforcment_and_stiffening_modifiers,5.0,no_additive,0.0,100.0,0.0,3946.176,3.5961764509425955,5.740362689494244
10.0,59,2,550000.0,reinforcment_and_stiffening_modifiers,5.0,no_additive,0.0,100.0,0.0,3420.68,3.5341124484222934,5.740362689494244
20.0,59,2,550000.0,reinforcment_and_stiffening_modifiers,5.0,no_additive,0.0,100.0,0.0,2984.419,3.474859796218006,5.740362689494244
30.0,59,2,550000.0,reinforcment_and_stiffening_modifiers,5.0,no_additive,0.0,100.0,0.0,2667.139,3.4260456498705745,5.740362689494244
40.0,59,2,550000.0,reinforcment_and_stiffening_modifiers,5.0,no_additive,0.0,100.0,0.0,2379.603,3.376504507774622,5.740362689494244
50.0,59,2,550000.0,reinforcment_and_stiffening_modifiers,5.0,no_additive,0.0,100.0,0.0,2082.153,3.318512639014264,5.740362689494244
60.0,59,2,550000.0,reinforcment_and_stiffening_modifiers,5.0,no_additive,0.0,100.0,0.0,1665.722,3.221602521716433,5.740362689494244
70.0,59,2,550000.0,reinforcment_and_stiffening_modifiers,5.0,no_additive,0.0,100.0,0.0,1437.677,3.1576613249381267,5.740362689494244
80.0,59,2,550000.0,reinforcment_and_stiffening_modifiers,5.0,no_additive,0.0,100.0,0.0,1259.207,3.100097129288277,5.740362689494244
90.0,59,2,550000.0,reinforcment_and_stiffening_modifiers,5.0,no_additive,0.0,100.0,0.0,1090.652,3.0376862000945106,5.740362689494244
100.0,59,2,550000.0,reinforcment_and_stiffening_modifiers,5.0,no_additive,0.0,100.0,0.0,932.011,2.969421038116974,5.740362689494244
110.0,59,2,550000.0,reinforcment_and_stiffening_modifiers,5.0,no_additive,0.0,100.0,0.0,753.541,2.8771068871607195,5.740362689494244
-50.0,59,3,550000.0,plasticizers_and_flexibility_enhancers,10.0,reinforcment_and_stiffening_modifiers,5.0,100.0,0.0,5611.898,3.749109768835345,5.740362689494244
-40.0,59,3,550000.0,plasticizers_and_flexibility_enhancers,10.0,reinforcment_and_stiffening_modifiers,5.0,100.0,0.0,5145.892,3.7114606671646033,5.740362689494244
-30.0,59,3,550000.0,plasticizers_and_flexibility_enhancers,10.0,reinforcment_and_stiffening_modifiers,5.0,100.0,0.0,4610.482,3.663746330812156,5.740362689494244
-20.0,59,3,550000.0,plasticizers_and_flexibility_enhancers,10.0,reinforcment_and_stiffening_modifiers,5.0,100.0,0.0,4104.816,3.6132936944699185,5.740362689494244
-10.0,59,3,550000.0,plasticizers_and_flexibility_enhancers,10.0,reinforcment_and_stiffening_modifiers,5.0,100.0,0.0,3609.065,3.5573947038625318,5.740362689494244
0.0,59,3,550000.0,plasticizers_and_flexibility_enhancers,10.0,reinforcment_and_stiffening_modifiers,5.0,100.0,0.0,3143.059,3.4973525334623576,5.740362689494244
10.0,59,3,550000.0,plasticizers_and_flexibility_enhancers,10.0,reinforcment_and_stiffening_modifiers,5.0,100.0,0.0,2686.969,3.4292626559357355,5.740362689494244
20.0,59,3,550000.0,plasticizers_and_flexibility_enhancers,10.0,reinforcment_and_stiffening_modifiers,5.0,100.0,0.0,2330.028,3.3673611399841428,5.740362689494244
30.0,59,3,550000.0,plasticizers_and_flexibility_enhancers,10.0,reinforcment_and_stiffening_modifiers,5.0,100.0,0.0,2042.493,3.3101605767997615,5.740362689494244
40.0,59,3,550000.0,plasticizers_and_flexibility_enhancers,10.0,reinforcment_and_stiffening_modifiers,5.0,100.0,0.0,1794.618,3.253972019405974,5.740362689494244
50.0,59,3,550000.0,plasticizers_and_flexibility_enhancers,10.0,reinforcment_and_stiffening_modifiers,5.0,100.0,0.0,1546.742,3.1894178784564864,5.740362689494244
60.0,59,3,550000.0,plasticizers_and_flexibility_enhancers,10.0,reinforcment_and_stiffening_modifiers,5.0,100.0,0.0,1259.207,3.100097129288277,5.740362689494244
70.0,59,3,550000.0,plasticizers_and_flexibility_enhancers,10.0,reinforcment_and_stiffening_modifiers,5.0,100.0,0.0,1120.397,3.049371937276495,5.740362689494244
80.0,59,3,550000.0,plasticizers_and_flexibility_enhancers,10.0,reinforcment_and_stiffening_modifiers,5.0,100.0,0.0,991.501,2.9962931565587323,5.740362689494244
90.0,59,3,550000.0,plasticizers_and_flexibility_enhancers,10.0,reinforcment_and_stiffening_modifiers,5.0,100.0,0.0,852.691,2.930791679107418,5.740362689494244
100.0,59,3,550000.0,plasticizers_and_flexibility_enhancers,10.0,reinforcment_and_stiffening_modifiers,5.0,100.0,0.0,723.796,2.859616178685516,5.740362689494244
110.0,59,3,550000.0,plasticizers_and_flexibility_enhancers,10.0,reinforcment_and_stiffening_modifiers,5.0,100.0,0.0,634.561,2.802473376927219,5.740362689494244
-50.0,59,4,550000.0,plasticizers_and_flexibility_enhancers,10.0,reinforcment_and_stiffening_modifiers,5.0,100.0,0.0,5175.637,3.7139638089231526,5.740362689494244
-40.0,59,4,550000.0,plasticizers_and_flexibility_enhancers,10.0,reinforcment_and_stiffening_modifiers,5.0,100.0,0.0,4600.567,3.6628113598981615,5.740362689494244
-30.0,59,4,550000.0,plasticizers_and_flexibility_enhancers,10.0,reinforcment_and_stiffening_modifiers,5.0,100.0,0.0,3926.346,3.5939885681294053,5.740362689494244
-20.0,59,4,550000.0,plasticizers_and_flexibility_enhancers,10.0,reinforcment_and_stiffening_modifiers,5.0,100.0,0.0,3420.68,3.5341124484222934,5.740362689494244
-10.0,59,4,550000.0,plasticizers_and_flexibility_enhancers,10.0,reinforcment_and_stiffening_modifiers,5.0,100.0,0.0,2984.419,3.474859796218006,5.740362689494244
0.0,59,4,550000.0,plasticizers_and_flexibility_enhancers,10.0,reinforcment_and_stiffening_modifiers,5.0,100.0,0.0,2577.904,3.4112667403848964,5.740362689494244
10.0,59,4,550000.0,plasticizers_and_flexibility_enhancers,10.0,reinforcment_and_stiffening_modifiers,5.0,100.0,0.0,2230.878,3.3484758206758003,5.740362689494244
20.0,59,4,550000.0,plasticizers_and_flexibility_enhancers,10.0,reinforcment_and_stiffening_modifiers,5.0,100.0,0.0,1923.513,3.2840951258178728,5.740362689494244
30.0,59,4,550000.0,plasticizers_and_flexibility_enhancers,10.0,reinforcment_and_stiffening_modifiers,5.0,100.0,0.0,1645.892,3.2164013343131423,5.740362689494244
40.0,59,4,550000.0,plasticizers_and_flexibility_enhancers,10.0,reinforcment_and_stiffening_modifiers,5.0,100.0,0.0,1447.592,3.1606461743494974,5.740362689494244
50.0,59,4,550000.0,plasticizers_and_flexibility_enhancers,10.0,reinforcment_and_stiffening_modifiers,5.0,100.0,0.0,1199.717,3.0790788128532536,5.740362689494244
60.0,59,4,550000.0,plasticizers_and_flexibility_enhancers,10.0,reinforcment_and_stiffening_modifiers,5.0,100.0,0.0,961.756,2.9830649043719,5.740362689494244
70.0,59,4,550000.0,plasticizers_and_flexibility_enhancers,10.0,reinforcment_and_stiffening_modifiers,5.0,100.0,0.0,793.201,2.8993832530549595,5.740362689494244
80.0,59,4,550000.0,plasticizers_and_flexibility_enhancers,10.0,reinforcment_and_stiffening_modifiers,5.0,100.0,0.0,694.051,2.8413913842946017,5.740362689494244
90.0,59,4,550000.0,plasticizers_and_flexibility_enhancers,10.0,reinforcment_and_stiffening_modifiers,5.0,100.0,0.0,624.646,2.795633963260429,5.740362689494244
100.0,59,4,550000.0,plasticizers_and_flexibility_enhancers,10.0,reinforcment_and_stiffening_modifiers,5.0,100.0,0.0,545.326,2.7366562044305294,5.740362689494244
110.0,59,4,550000.0,plasticizers_and_flexibility_enhancers,10.0,reinforcment_and_stiffening_modifiers,5.0,100.0,0.0,456.091,2.6590515024340946,5.740362689494244
-50.0,59,5,550000.0,plasticizers_and_flexibility_enhancers,10.0,no_additive,0.0,100.0,0.0,4630.312,3.6656102556644155,5.740362689494244
-40.0,59,5,550000.0,plasticizers_and_flexibility_enhancers,10.0,no_additive,0.0,100.0,0.0,4342.776,3.6377674290691595,5.740362689494244
-30.0,59,5,550000.0,plasticizers_and_flexibility_enhancers,10.0,no_additive,0.0,100.0,0.0,4055.241,3.6080166691168407,5.740362689494244
-20.0,59,5,550000.0,plasticizers_and_flexibility_enhancers,10.0,no_additive,0.0,100.0,0.0,3668.555,3.5644950345236315,5.740362689494244
-10.0,59,5,550000.0,plasticizers_and_flexibility_enhancers,10.0,no_additive,0.0,100.0,0.0,3172.805,3.501443381263238,5.740362689494244
0.0,59,5,550000.0,plasticizers_and_flexibility_enhancers,10.0,no_additive,0.0,100.0,0.0,2667.139,3.4260456498705745,5.740362689494244
10.0,59,5,550000.0,plasticizers_and_flexibility_enhancers,10.0,no_additive,0.0,100.0,0.0,2201.133,3.3426462849072753,5.740362689494244
20.0,59,5,550000.0,plasticizers_and_flexibility_enhancers,10.0,no_additive,0.0,100.0,0.0,1745.042,3.241805884102495,5.740362689494244
30.0,59,5,550000.0,plasticizers_and_flexibility_enhancers,10.0,no_additive,0.0,100.0,0.0,1477.337,3.1694795748963274,5.740362689494244
40.0,59,5,550000.0,plasticizers_and_flexibility_enhancers,10.0,no_additive,0.0,100.0,0.0,1259.207,3.100097129288277,5.740362689494244
50.0,59,5,550000.0,plasticizers_and_flexibility_enhancers,10.0,no_additive,0.0,100.0,0.0,1050.992,3.021599410253667,5.740362689494244
60.0,59,5,550000.0,plasticizers_and_flexibility_enhancers,10.0,no_additive,0.0,100.0,0.0,793.201,2.8993832530549595,5.740362689494244
70.0,59,5,550000.0,plasticizers_and_flexibility_enhancers,10.0,no_additive,0.0,100.0,0.0,644.476,2.809206749056934,5.740362689494244
80.0,59,5,550000.0,plasticizers_and_flexibility_enhancers,10.0,no_additive,0.0,100.0,0.0,555.241,2.74448152772116,5.740362689494244
90.0,59,5,550000.0,plasticizers_and_flexibility_enhancers,10.0,no_additive,0.0,100.0,0.0,495.751,2.6952635989117204,5.740362689494244
100.0,59,5,550000.0,plasticizers_and_flexibility_enhancers,10.0,no_additive,0.0,100.0,0.0,446.176,2.6495062056880894,5.740362689494244
110.0,59,5,550000.0,plasticizers_and_flexibility_enhancers,10.0,no_additive,0.0,100.0,0.0,376.771,2.57607746783458,5.740362689494244
-50.0,59,6,550000.0,plasticizers_and_flexibility_enhancers,10.0,no_additive,0.0,100.0,0.0,5046.742,3.7030111032594744,5.740362689494244
-40.0,59,6,550000.0,plasticizers_and_flexibility_enhancers,10.0,no_additive,0.0,100.0,0.0,4590.652,3.6618743717884508,5.740362689494244
-30.0,59,6,550000.0,plasticizers_and_flexibility_enhancers,10.0,no_additive,0.0,100.0,0.0,4233.711,3.626721209047359,5.740362689494244
-20.0,59,6,550000.0,plasticizers_and_flexibility_enhancers,10.0,no_additive,0.0,100.0,0.0,3807.365,3.5806245132439356,5.740362689494244
-10.0,59,6,550000.0,plasticizers_and_flexibility_enhancers,10.0,no_additive,0.0,100.0,0.0,3281.87,3.51612137397459,5.740362689494244
0.0,59,6,550000.0,plasticizers_and_flexibility_enhancers,10.0,no_additive,0.0,100.0,0.0,2558.074,3.4079131036011243,5.740362689494244
10.0,59,6,550000.0,plasticizers_and_flexibility_enhancers,10.0,no_additive,0.0,100.0,0.0,2111.898,3.324672938905863,5.740362689494244
20.0,59,6,550000.0,plasticizers_and_flexibility_enhancers,10.0,no_additive,0.0,100.0,0.0,1695.467,3.2292893412344967,5.740362689494244
30.0,59,6,550000.0,plasticizers_and_flexibility_enhancers,10.0,no_additive,0.0,100.0,0.0,1388.102,3.1424213799585825,5.740362689494244
40.0,59,6,550000.0,plasticizers_and_flexibility_enhancers,10.0,no_additive,0.0,100.0,0.0,1120.397,3.049371937276495,5.740362689494244
50.0,59,6,550000.0,plasticizers_and_flexibility_enhancers,10.0,no_additive,0.0,100.0,0.0,912.181,2.960081021992737,5.740362689494244
60.0,59,6,550000.0,plasticizers_and_flexibility_enhancers,10.0,no_additive,0.0,100.0,0.0,654.391,2.8158373177457614,5.740362689494244
70.0,59,6,550000.0,plasticizers_and_flexibility_enhancers,10.0,no_additive,0.0,100.0,0.0,466.006,2.668391508428447,5.740362689494244
80.0,59,6,550000.0,plasticizers_and_flexibility_enhancers,10.0,no_additive,0.0,100.0,0.0,406.516,2.6090776435954304,5.740362689494244
90.0,59,6,550000.0,plasticizers_and_flexibility_enhancers,10.0,no_additive,0.0,100.0,0.0,366.856,2.56449562643814,5.740362689494244
100.0,59,6,550000.0,plasticizers_and_flexibility_enhancers,10.0,no_additive,0.0,100.0,0.0,327.195,2.514806658419209,5.740362689494244
110.0,59,6,550000.0,plasticizers_and_flexibility_enhancers,10.0,no_additive,0.0,100.0,0.0,277.62,2.4434507498835405,5.740362689494244
