study_id,instance,initial_3hb_ratio,initial_3hv_ratio,initial_mcl_pha_ratio,3hhp_ratio,3ho_ratio,3hdd_ratio,3httd_ratio,unsaturated_monomer_ratio,uknown_monomer_ratio,additive,additive1_type,additive1_percentage,additive2_type,additive2_percentage,frequency_experimental_fixed_hz,temperature,loss_modulus,log_loss_modulus
7,1,72.9,13.1,14.0,14.0,0.0,0,0,0,0.0,no,not_applicable,0.0,not_applicable,0.0,1.0,100.0,1220.086,3.086390443796957
7,1,72.9,13.1,14.0,14.0,0.0,0,0,0,0.0,no,not_applicable,0.0,not_applicable,0.0,1.0,105.0,918.996,2.963313621090455
7,1,72.9,13.1,14.0,14.0,0.0,0,0,0,0.0,no,not_applicable,0.0,not_applicable,0.0,1.0,110.0,669.939,2.826035260656876
7,1,72.9,13.1,14.0,14.0,0.0,0,0,0,0.0,no,not_applicable,0.0,not_applicable,0.0,1.0,115.0,556.624,2.74556192791045
7,1,72.9,13.1,14.0,14.0,0.0,0,0,0,0.0,no,not_applicable,0.0,not_applicable,0.0,1.0,120.0,452.503,2.65562146283211
7,1,72.9,13.1,14.0,14.0,0.0,0,0,0,0.0,no,not_applicable,0.0,not_applicable,0.0,1.0,125.0,388.463,2.5893496597879895
7,1,72.9,13.1,14.0,14.0,0.0,0,0,0,0.0,no,not_applicable,0.0,not_applicable,0.0,1.0,130.0,322.757,2.508875670081468
7,1,72.9,13.1,14.0,14.0,0.0,0,0,0,0.0,no,not_applicable,0.0,not_applicable,0.0,1.0,135.0,271.104,2.4331359254193345
7,1,72.9,13.1,14.0,14.0,0.0,0,0,0,0.0,no,not_applicable,0.0,not_applicable,0.0,1.0,140.0,222.807,2.347928831087048
7,1,72.9,13.1,14.0,14.0,0.0,0,0,0,0.0,no,not_applicable,0.0,not_applicable,0.0,1.0,145.0,195.49,2.291124546612215
7,1,72.9,13.1,14.0,14.0,0.0,0,0,0,0.0,no,not_applicable,0.0,not_applicable,0.0,1.0,150.0,171.522,2.2343198320512707
7,1,72.9,13.1,14.0,14.0,0.0,0,0,0,0.0,no,not_applicable,0.0,not_applicable,0.0,1.0,155.0,150.493,2.177516299716742
7,1,72.9,13.1,14.0,14.0,0.0,0,0,0,0.0,no,not_applicable,0.0,not_applicable,0.0,1.0,160.0,126.408,2.101774560069087
7,1,72.9,13.1,14.0,14.0,0.0,0,0,0,0.0,no,not_applicable,0.0,not_applicable,0.0,1.0,165.0,113.354,2.054436849978873
7,1,72.9,13.1,14.0,14.0,0.0,0,0,0,0.0,no,not_applicable,0.0,not_applicable,0.0,1.0,170.0,98.378,1.9928979892154568
7,1,72.9,13.1,14.0,14.0,0.0,0,0,0,0.0,no,not_applicable,0.0,not_applicable,0.0,1.0,175.0,86.317,1.936096337767455
7,1,72.9,13.1,14.0,14.0,0.0,0,0,0,0.0,no,not_applicable,0.0,not_applicable,0.0,1.0,180.0,74.101,1.8698240688639634
7,2,0.0,0.0,100.0,100.0,0.0,0,0,0,0.0,yes,polymer_matrix_blend,71.5,blend,12.7,1.0,100.0,7039.366,3.847533546201698
7,2,0.0,0.0,100.0,100.0,0.0,0,0,0,0.0,yes,polymer_matrix_blend,71.5,blend,12.7,1.0,105.0,4244.266,3.6278025945299763
7,2,0.0,0.0,100.0,100.0,0.0,0,0,0,0.0,yes,polymer_matrix_blend,71.5,blend,12.7,1.0,110.0,2722.561,3.4349776190675234
7,2,0.0,0.0,100.0,100.0,0.0,0,0,0,0.0,yes,polymer_matrix_blend,71.5,blend,12.7,1.0,115.0,1465.276,3.1659194362855954
7,2,0.0,0.0,100.0,100.0,0.0,0,0,0,0.0,yes,polymer_matrix_blend,71.5,blend,12.7,1.0,120.0,979.561,2.991031485903511
7,2,0.0,0.0,100.0,100.0,0.0,0,0,0,0.0,yes,polymer_matrix_blend,71.5,blend,12.7,1.0,125.0,634.878,2.8026902780207337
7,2,0.0,0.0,100.0,100.0,0.0,0,0,0,0.0,yes,polymer_matrix_blend,71.5,blend,12.7,1.0,130.0,572.595,2.7578475513665257
7,2,0.0,0.0,100.0,100.0,0.0,0,0,0,0.0,yes,polymer_matrix_blend,71.5,blend,12.7,1.0,135.0,538.197,2.7309412726044786
7,2,0.0,0.0,100.0,100.0,0.0,0,0,0,0.0,yes,polymer_matrix_blend,71.5,blend,12.7,1.0,140.0,490.437,2.6905832271907686
7,2,0.0,0.0,100.0,100.0,0.0,0,0,0,0.0,yes,polymer_matrix_blend,71.5,blend,12.7,1.0,145.0,411.481,2.6143497866062217
7,2,0.0,0.0,100.0,100.0,0.0,0,0,0,0.0,yes,polymer_matrix_blend,71.5,blend,12.7,1.0,150.0,382.789,2.5829594491990044
7,2,0.0,0.0,100.0,100.0,0.0,0,0,0,0.0,yes,polymer_matrix_blend,71.5,blend,12.7,1.0,155.0,334.706,2.5246634976686093
7,2,0.0,0.0,100.0,100.0,0.0,0,0,0,0.0,yes,polymer_matrix_blend,71.5,blend,12.7,1.0,160.0,208.154,2.3183847609409622
7,2,0.0,0.0,100.0,100.0,0.0,0,0,0,0.0,yes,polymer_matrix_blend,71.5,blend,12.7,1.0,165.0,64.813,1.8116621241115671
7,2,0.0,0.0,100.0,100.0,0.0,0,0,0,0.0,yes,polymer_matrix_blend,71.5,blend,12.7,1.0,170.0,7.567,0.8789237339675672
7,2,0.0,0.0,100.0,100.0,0.0,0,0,0,0.0,yes,polymer_matrix_blend,71.5,blend,12.7,1.0,175.0,6.349,0.802705327074352
7,2,0.0,0.0,100.0,100.0,0.0,0,0,0,0.0,yes,polymer_matrix_blend,71.5,blend,12.7,1.0,180.0,5.551,0.7443712273318607
7,2,0.0,0.0,100.0,100.0,0.0,0,0,0,0.0,yes,polymer_matrix_blend,71.5,blend,12.7,1.0,185.0,4.706,0.6726519228400025
7,2,0.0,0.0,100.0,100.0,0.0,0,0,0,0.0,yes,polymer_matrix_blend,71.5,blend,12.7,1.0,190.0,4.115,0.6143698395482887
7,2,0.0,0.0,100.0,100.0,0.0,0,0,0,0.0,yes,polymer_matrix_blend,71.5,blend,12.7,1.0,195.0,3.382,0.5291736032617229
7,2,0.0,0.0,100.0,100.0,0.0,0,0,0,0.0,yes,polymer_matrix_blend,71.5,blend,12.7,1.0,200.0,2.867,0.4574276929464845
7,3,0.0,51.9,49.1,49.1,0.0,0,0,0,0.0,yes,polymer_matrix_blend,71.5,not_applicable,0.0,1.0,100.0,46257.123,4.665178617970282
7,3,0.0,51.9,49.1,49.1,0.0,0,0,0,0.0,yes,polymer_matrix_blend,71.5,not_applicable,0.0,1.0,105.0,33119.923,4.5200893184294495
7,3,0.0,51.9,49.1,49.1,0.0,0,0,0,0.0,yes,polymer_matrix_blend,71.5,not_applicable,0.0,1.0,110.0,24331.041,4.3861606905536705
7,3,0.0,51.9,49.1,49.1,0.0,0,0,0,0.0,yes,polymer_matrix_blend,71.5,not_applicable,0.0,1.0,115.0,15719.137,4.19642869905542
7,3,0.0,51.9,49.1,49.1,0.0,0,0,0,0.0,yes,polymer_matrix_blend,71.5,not_applicable,0.0,1.0,120.0,7654.707,3.8839285718182754
7,3,0.0,51.9,49.1,49.1,0.0,0,0,0,0.0,yes,polymer_matrix_blend,71.5,not_applicable,0.0,1.0,125.0,4819.874,3.683035685164168
7,3,0.0,51.9,49.1,49.1,0.0,0,0,0,0.0,yes,polymer_matrix_blend,71.5,not_applicable,0.0,1.0,130.0,3451.012,3.5379464694406386
7,3,0.0,51.9,49.1,49.1,0.0,0,0,0,0.0,yes,polymer_matrix_blend,71.5,not_applicable,0.0,1.0,135.0,2535.234,3.4040180505406266
7,3,0.0,51.9,49.1,49.1,0.0,0,0,0,0.0,yes,polymer_matrix_blend,71.5,not_applicable,0.0,1.0,140.0,1659.075,3.219866019146667
7,3,0.0,51.9,49.1,49.1,0.0,0,0,0,0.0,yes,polymer_matrix_blend,71.5,not_applicable,0.0,1.0,145.0,1187.892,3.074776957533924
7,3,0.0,51.9,49.1,49.1,0.0,0,0,0,0.0,yes,polymer_matrix_blend,71.5,not_applicable,0.0,1.0,150.0,942.607,2.974330660598755
7,3,0.0,51.9,49.1,49.1,0.0,0,0,0,0.0,yes,polymer_matrix_blend,71.5,not_applicable,0.0,1.0,155.0,495.807,2.6953126540169436
7,3,0.0,51.9,49.1,49.1,0.0,0,0,0,0.0,yes,polymer_matrix_blend,71.5,not_applicable,0.0,1.0,160.0,308.205,2.4888396799852415
7,3,0.0,51.9,49.1,49.1,0.0,0,0,0,0.0,yes,polymer_matrix_blend,71.5,not_applicable,0.0,1.0,165.0,65.105,1.813614343238298
7,3,0.0,51.9,49.1,49.1,0.0,0,0,0,0.0,yes,polymer_matrix_blend,71.5,not_applicable,0.0,1.0,170.0,14.478,1.1607085722924295
7,3,0.0,51.9,49.1,49.1,0.0,0,0,0,0.0,yes,polymer_matrix_blend,71.5,not_applicable,0.0,1.0,175.0,12.732,1.1048966299489655
7,3,0.0,51.9,49.1,49.1,0.0,0,0,0,0.0,yes,polymer_matrix_blend,71.5,not_applicable,0.0,1.0,180.0,11.054,1.0435194602457563
7,3,0.0,51.9,49.1,49.1,0.0,0,0,0,0.0,yes,polymer_matrix_blend,71.5,not_applicable,0.0,1.0,185.0,8.332,0.9207492612757083
7,3,0.0,51.9,49.1,49.1,0.0,0,0,0,0.0,yes,polymer_matrix_blend,71.5,not_applicable,0.0,1.0,190.0,6.872,0.8370831508231859
7,3,0.0,51.9,49.1,49.1,0.0,0,0,0,0.0,yes,polymer_matrix_blend,71.5,not_applicable,0.0,1.0,195.0,5.314,0.7254215500742587
7,3,0.0,51.9,49.1,49.1,0.0,0,0,0,0.0,yes,polymer_matrix_blend,71.5,not_applicable,0.0,1.0,200.0,4.163,0.6194064108867774
9,1,0.0,0.0,100.0,0.0,86.0,0,0,0,14.0,yes,polymer_matrix_blend,90.0,not_applicable,0.0,1.0,-95.0,40831938.633269444,7.611000000000002
9,1,0.0,0.0,100.0,0.0,86.0,0,0,0,14.0,yes,polymer_matrix_blend,90.0,not_applicable,0.0,1.0,-75.0,39994474.97610987,7.602000000000001
9,1,0.0,0.0,100.0,0.0,86.0,0,0,0,14.0,yes,polymer_matrix_blend,90.0,not_applicable,0.0,1.0,-55.0,42756288.6151587,7.631000000000001
9,1,0.0,0.0,100.0,0.0,86.0,0,0,0,14.0,yes,polymer_matrix_blend,90.0,not_applicable,0.0,1.0,-35.0,52119471.11050833,7.717000000000002
9,1,0.0,0.0,100.0,0.0,86.0,0,0,0,14.0,yes,polymer_matrix_blend,90.0,not_applicable,0.0,1.0,-15.0,62373483.54824212,7.795000000000002
9,1,0.0,0.0,100.0,0.0,86.0,0,0,0,14.0,yes,polymer_matrix_blend,90.0,not_applicable,0.0,1.0,5.0,79615935.04173183,7.901
9,1,0.0,0.0,100.0,0.0,86.0,0,0,0,14.0,yes,polymer_matrix_blend,90.0,not_applicable,0.0,1.0,25.0,49888448.74600136,7.698000000000001
9,1,0.0,0.0,100.0,0.0,86.0,0,0,0,14.0,yes,polymer_matrix_blend,90.0,not_applicable,0.0,1.0,45.0,45708818.96148771,7.660000000000002
9,1,0.0,0.0,100.0,0.0,86.0,0,0,0,14.0,yes,polymer_matrix_blend,90.0,not_applicable,0.0,1.0,65.0,36559479.16131264,7.5630000000000015
9,1,0.0,0.0,100.0,0.0,86.0,0,0,0,14.0,yes,polymer_matrix_blend,90.0,not_applicable,0.0,1.0,85.0,37411058.82720548,7.573000000000001
9,1,0.0,0.0,100.0,0.0,86.0,0,0,0,14.0,yes,polymer_matrix_blend,90.0,not_applicable,0.0,1.0,105.0,30619634.336906876,7.4860000000000015
9,1,0.0,0.0,100.0,0.0,86.0,0,0,0,14.0,yes,polymer_matrix_blend,90.0,not_applicable,0.0,1.0,125.0,21928049.353504512,7.341
9,1,0.0,0.0,100.0,0.0,86.0,0,0,0,14.0,yes,polymer_matrix_blend,90.0,not_applicable,0.0,1.0,145.0,12882495.516931374,7.110000000000001
9,1,0.0,0.0,100.0,0.0,86.0,0,0,0,14.0,yes,polymer_matrix_blend,90.0,not_applicable,0.0,1.0,165.0,5188000.389289626,6.715000000000002
9,1,0.0,0.0,100.0,0.0,86.0,0,0,0,14.0,yes,polymer_matrix_blend,90.0,not_applicable,0.0,1.0,175.0,1866379.6908346778,6.271000000000002
9,2,0.0,0.0,100.0,0.0,86.0,0,0,0,14.0,yes,polymer_matrix_blend,80.0,not_applicable,0.0,1.0,-95.0,2722701.3080779277,6.435000000000002
9,2,0.0,0.0,100.0,0.0,86.0,0,0,0,14.0,yes,polymer_matrix_blend,80.0,not_applicable,0.0,1.0,-75.0,3111716.337106029,6.493000000000001
9,2,0.0,0.0,100.0,0.0,86.0,0,0,0,14.0,yes,polymer_matrix_blend,80.0,not_applicable,0.0,1.0,-55.0,3801893.963205628,6.580000000000002
9,2,0.0,0.0,100.0,0.0,86.0,0,0,0,14.0,yes,polymer_matrix_blend,80.0,not_applicable,0.0,1.0,-35.0,4954501.908047917,6.695000000000001
9,2,0.0,0.0,100.0,0.0,86.0,0,0,0,14.0,yes,polymer_matrix_blend,80.0,not_applicable,0.0,1.0,-15.0,3881503.659906496,6.589000000000001
9,2,0.0,0.0,100.0,0.0,86.0,0,0,0,14.0,yes,polymer_matrix_blend,80.0,not_applicable,0.0,1.0,5.0,5188000.389289626,6.715000000000002
9,2,0.0,0.0,100.0,0.0,86.0,0,0,0,14.0,yes,polymer_matrix_blend,80.0,not_applicable,0.0,1.0,25.0,3556313.185689859,6.551000000000001
9,2,0.0,0.0,100.0,0.0,86.0,0,0,0,14.0,yes,polymer_matrix_blend,80.0,not_applicable,0.0,1.0,45.0,2228435.1492703147,6.3480000000000025
9,2,0.0,0.0,100.0,0.0,86.0,0,0,0,14.0,yes,polymer_matrix_blend,80.0,not_applicable,0.0,1.0,65.0,2382319.4693587,6.377000000000002
9,2,0.0,0.0,100.0,0.0,86.0,0,0,0,14.0,yes,polymer_matrix_blend,80.0,not_applicable,0.0,1.0,85.0,2786121.1686297758,6.445000000000001
9,2,0.0,0.0,100.0,0.0,86.0,0,0,0,14.0,yes,polymer_matrix_blend,80.0,not_applicable,0.0,1.0,105.0,3475361.6144320765,6.541000000000002
9,2,0.0,0.0,100.0,0.0,86.0,0,0,0,14.0,yes,polymer_matrix_blend,80.0,not_applicable,0.0,1.0,125.0,3111716.337106029,6.493000000000001
9,2,0.0,0.0,100.0,0.0,86.0,0,0,0,14.0,yes,polymer_matrix_blend,80.0,not_applicable,0.0,1.0,145.0,1399587.3225726257,6.146000000000003
9,2,0.0,0.0,100.0,0.0,86.0,0,0,0,14.0,yes,polymer_matrix_blend,80.0,not_applicable,0.0,1.0,165.0,470977.3263969549,5.673000000000002
9,2,0.0,0.0,100.0,0.0,86.0,0,0,0,14.0,yes,polymer_matrix_blend,80.0,not_applicable,0.0,1.0,175.0,34276.77865464512,4.535000000000001
9,3,0.0,0.0,100.0,0.0,86.0,0,0,0,14.0,yes,polymer_matrix_blend,65.0,not_applicable,0.0,1.0,-95.0,132739.4457729743,5.123000000000001
9,3,0.0,0.0,100.0,0.0,86.0,0,0,0,14.0,yes,polymer_matrix_blend,65.0,not_applicable,0.0,1.0,-75.0,165958.69074375657,5.2200000000000015
9,3,0.0,0.0,100.0,0.0,86.0,0,0,0,14.0,yes,polymer_matrix_blend,65.0,not_applicable,0.0,1.0,-55.0,264240.87573219533,5.4220000000000015
9,3,0.0,0.0,100.0,0.0,86.0,0,0,0,14.0,yes,polymer_matrix_blend,65.0,not_applicable,0.0,1.0,-35.0,767361.4893618218,5.885000000000002
9,3,0.0,0.0,100.0,0.0,86.0,0,0,0,14.0,yes,polymer_matrix_blend,65.0,not_applicable,0.0,1.0,-15.0,385478.35766577325,5.586000000000001
9,3,0.0,0.0,100.0,0.0,86.0,0,0,0,14.0,yes,polymer_matrix_blend,65.0,not_applicable,0.0,1.0,5.0,301995.17204020283,5.480000000000001
9,3,0.0,0.0,100.0,0.0,86.0,0,0,0,14.0,yes,polymer_matrix_blend,65.0,not_applicable,0.0,1.0,25.0,252929.7996446153,5.403000000000001
9,3,0.0,0.0,100.0,0.0,86.0,0,0,0,14.0,yes,polymer_matrix_blend,65.0,not_applicable,0.0,1.0,45.0,169824.36524617492,5.230000000000001
9,3,0.0,0.0,100.0,0.0,86.0,0,0,0,14.0,yes,polymer_matrix_blend,65.0,not_applicable,0.0,1.0,65.0,162181.0097358935,5.210000000000002
9,3,0.0,0.0,100.0,0.0,86.0,0,0,0,14.0,yes,polymer_matrix_blend,65.0,not_applicable,0.0,1.0,85.0,181134.00926196045,5.258000000000001
9,3,0.0,0.0,100.0,0.0,86.0,0,0,0,14.0,yes,polymer_matrix_blend,65.0,not_applicable,0.0,1.0,105.0,211836.11352485075,5.326000000000001
9,3,0.0,0.0,100.0,0.0,86.0,0,0,0,14.0,yes,polymer_matrix_blend,65.0,not_applicable,0.0,1.0,125.0,202768.27195212894,5.307000000000001
9,3,0.0,0.0,100.0,0.0,86.0,0,0,0,14.0,yes,polymer_matrix_blend,65.0,not_applicable,0.0,1.0,145.0,145211.16175877492,5.162000000000002
9,3,0.0,0.0,100.0,0.0,86.0,0,0,0,14.0,yes,polymer_matrix_blend,65.0,not_applicable,0.0,1.0,165.0,46773.51412871987,4.670000000000001
9,3,0.0,0.0,100.0,0.0,86.0,0,0,0,14.0,yes,polymer_matrix_blend,65.0,not_applicable,0.0,1.0,175.0,7244.359600749914,3.8600000000000008
9,4,0.0,0.0,100.0,0.0,86.0,0,0,0,14.0,yes,blend,50.0,not_applicable,0.0,1.0,-95.0,25703.95782768873,4.410000000000002
9,4,0.0,0.0,100.0,0.0,86.0,0,0,0,14.0,yes,blend,50.0,not_applicable,0.0,1.0,-75.0,29376.496519615357,4.468000000000001
9,4,0.0,0.0,100.0,0.0,86.0,0,0,0,14.0,yes,blend,50.0,not_applicable,0.0,1.0,-55.0,38282.47433168242,4.583000000000002
9,4,0.0,0.0,100.0,0.0,86.0,0,0,0,14.0,yes,blend,50.0,not_applicable,0.0,1.0,-35.0,148593.5642287014,5.172000000000002
9,4,0.0,0.0,100.0,0.0,86.0,0,0,0,14.0,yes,blend,50.0,not_applicable,0.0,1.0,-15.0,34276.77865464512,4.535000000000001
9,4,0.0,0.0,100.0,0.0,86.0,0,0,0,14.0,yes,blend,50.0,not_applicable,0.0,1.0,5.0,15066.070661867485,4.178000000000002
9,4,0.0,0.0,100.0,0.0,86.0,0,0,0,14.0,yes,blend,50.0,not_applicable,0.0,1.0,25.0,15776.112696993552,4.198000000000002
9,4,0.0,0.0,100.0,0.0,86.0,0,0,0,14.0,yes,blend,50.0,not_applicable,0.0,1.0,45.0,12618.275345906754,4.101000000000002
9,4,0.0,0.0,100.0,0.0,86.0,0,0,0,14.0,yes,blend,50.0,not_applicable,0.0,1.0,65.0,13803.842646028885,4.1400000000000015
9,4,0.0,0.0,100.0,0.0,86.0,0,0,0,14.0,yes,blend,50.0,not_applicable,0.0,1.0,85.0,12618.275345906754,4.101000000000002
9,4,0.0,0.0,100.0,0.0,86.0,0,0,0,14.0,yes,blend,50.0,not_applicable,0.0,1.0,105.0,12912.192736135388,4.1110000000000015
9,4,0.0,0.0,100.0,0.0,86.0,0,0,0,14.0,yes,blend,50.0,not_applicable,0.0,1.0,125.0,12912.192736135388,4.1110000000000015
9,4,0.0,0.0,100.0,0.0,86.0,0,0,0,14.0,yes,blend,50.0,not_applicable,0.0,1.0,145.0,9885.530946569394,3.995
9,4,0.0,0.0,100.0,0.0,86.0,0,0,0,14.0,yes,blend,50.0,not_applicable,0.0,1.0,165.0,3564.5113342624513,3.552000000000001
9,4,0.0,0.0,100.0,0.0,86.0,0,0,0,14.0,yes,blend,50.0,not_applicable,0.0,1.0,175.0,803.5261221856174,2.9050000000000002
9,4,0.0,0.0,100.0,0.0,86.0,0,0,0,14.0,yes,blend,50.0,not_applicable,0.0,1.0,180.0,142.23287871228234,2.153000000000001
9,6,0.0,0.0,100.0,0.0,86.0,0,0,0,14.0,yes,blend,10.0,not_applicable,0.0,1.0,-95.0,552.0774392807591,2.7420000000000013
9,6,0.0,0.0,100.0,0.0,86.0,0,0,0,14.0,yes,blend,10.0,not_applicable,0.0,1.0,-75.0,472.06304126359134,2.674000000000001
9,6,0.0,0.0,100.0,0.0,86.0,0,0,0,14.0,yes,blend,10.0,not_applicable,0.0,1.0,-55.0,688.6522963442757,2.8379999999999996
9,6,0.0,0.0,100.0,0.0,86.0,0,0,0,14.0,yes,blend,10.0,not_applicable,0.0,1.0,-35.0,3723.9170625456914,3.5710000000000006
9,6,0.0,0.0,100.0,0.0,86.0,0,0,0,14.0,yes,blend,10.0,not_applicable,0.0,1.0,-15.0,247.74220576332877,2.3940000000000006
9,6,0.0,0.0,100.0,0.0,86.0,0,0,0,14.0,yes,blend,10.0,not_applicable,0.0,1.0,5.0,59.84115950603207,1.7770000000000008
9,6,0.0,0.0,100.0,0.0,86.0,0,0,0,14.0,yes,blend,10.0,not_applicable,0.0,1.0,25.0,25.763211570025778,1.4110000000000005
9,6,0.0,0.0,100.0,0.0,86.0,0,0,0,14.0,yes,blend,10.0,not_applicable,0.0,1.0,45.0,11.324003632355604,1.0540000000000014
9,6,0.0,0.0,100.0,0.0,86.0,0,0,0,14.0,yes,blend,10.0,not_applicable,0.0,1.0,55.0,4.073802778041138,0.6100000000000011
9,7,0.0,0.0,100.0,0.0,86.0,0,0,0,14.0,no,not_applicable,0.0,not_applicable,0.0,1.0,-95.0,57.279603098583074,1.7580000000000011
9,7,0.0,0.0,100.0,0.0,86.0,0,0,0,14.0,no,not_applicable,0.0,not_applicable,0.0,1.0,-75.0,76.38357835776918,1.8830000000000007
9,7,0.0,0.0,100.0,0.0,86.0,0,0,0,14.0,no,not_applicable,0.0,not_applicable,0.0,1.0,-55.0,97.49896377173881,1.9890000000000005
9,7,0.0,0.0,100.0,0.0,86.0,0,0,0,14.0,no,not_applicable,0.0,not_applicable,0.0,1.0,-35.0,338.0648362059826,2.5290000000000012
9,7,0.0,0.0,100.0,0.0,86.0,0,0,0,14.0,no,not_applicable,0.0,not_applicable,0.0,1.0,-15.0,17.258378919902093,1.2370000000000014
9,7,0.0,0.0,100.0,0.0,86.0,0,0,0,14.0,no,not_applicable,0.0,not_applicable,0.0,1.0,5.0,3.4914031547858677,0.5430000000000008
9,7,0.0,0.0,100.0,0.0,86.0,0,0,0,14.0,no,not_applicable,0.0,not_applicable,0.0,1.0,25.0,1.342764961137867,0.128000000000001
9,7,0.0,0.0,100.0,0.0,86.0,0,0,0,14.0,no,not_applicable,0.0,not_applicable,0.0,1.0,45.0,0.4943106869868363,-0.3059999999999993
9,7,0.0,0.0,100.0,0.0,86.0,0,0,0,14.0,no,not_applicable,0.0,not_applicable,0.0,1.0,55.0,0.11694993910198709,-0.932
10,1,0.0,0.0,104.0,0.0,20.0,16,3,11,0.0,no,not_applicable,0.0,not_applicable,0.0,1.6,-120.0,100.82670848100001,2.0035755897432255
10,1,0.0,0.0,104.0,0.0,20.0,16,3,11,0.0,no,not_applicable,0.0,not_applicable,0.0,1.6,-110.0,105.064053469,2.0214541522757696
10,1,0.0,0.0,104.0,0.0,20.0,16,3,11,0.0,no,not_applicable,0.0,not_applicable,0.0,1.6,-100.0,105.064053469,2.0214541522757696
10,1,0.0,0.0,104.0,0.0,20.0,16,3,11,0.0,no,not_applicable,0.0,not_applicable,0.0,1.6,-90.0,102.219851804,2.0095352469894814
10,1,0.0,0.0,104.0,0.0,20.0,16,3,11,0.0,no,not_applicable,0.0,not_applicable,0.0,1.6,-80.0,100.82670848100001,2.0035755897432255
10,1,0.0,0.0,104.0,0.0,20.0,16,3,11,0.0,no,not_applicable,0.0,not_applicable,0.0,1.6,-70.0,99.452645866,1.9976163417059871
10,1,0.0,0.0,104.0,0.0,20.0,16,3,11,0.0,no,not_applicable,0.0,not_applicable,0.0,1.6,-60.0,148.061137694,2.170441082154977
10,1,0.0,0.0,104.0,0.0,20.0,16,3,11,0.0,no,not_applicable,0.0,not_applicable,0.0,1.6,-50.0,298.10838376099997,2.4743741899539353
10,1,0.0,0.0,104.0,0.0,20.0,16,3,11,0.0,no,not_applicable,0.0,not_applicable,0.0,1.6,-40.0,267.11505378,2.4266983642076623
10,1,0.0,0.0,104.0,0.0,20.0,16,3,11,0.0,no,not_applicable,0.0,not_applicable,0.0,1.6,-30.0,55.126301374,1.7413588550450723
10,1,0.0,0.0,104.0,0.0,20.0,16,3,11,0.0,no,not_applicable,0.0,not_applicable,0.0,1.6,-20.0,13.413217973,1.127532982196128
10,1,0.0,0.0,104.0,0.0,20.0,16,3,11,0.0,no,not_applicable,0.0,not_applicable,0.0,1.6,-10.0,5.80771022,0.7640049387880085
10,1,0.0,0.0,104.0,0.0,20.0,16,3,11,0.0,no,not_applicable,0.0,not_applicable,0.0,1.6,0.0,2.884505835,0.46007142181929156
10,1,0.0,0.0,104.0,0.0,20.0,16,3,11,0.0,no,not_applicable,0.0,not_applicable,0.0,1.6,10.0,1.911117693,0.28128743318089405
10,1,0.0,0.0,104.0,0.0,20.0,16,3,11,0.0,no,not_applicable,0.0,not_applicable,0.0,1.6,20.0,1.1190970660000001,0.04886775712704508
10,1,0.0,0.0,104.0,0.0,20.0,16,3,11,0.0,no,not_applicable,0.0,not_applicable,0.0,1.6,30.0,0.721380593,-0.141835545503075
10,1,0.0,0.0,104.0,0.0,20.0,16,3,11,0.0,no,not_applicable,0.0,not_applicable,0.0,1.6,40.0,0.105642291,-0.9761621890831624
11,1,1.0,0.0,99.0,0.0,25.0,7,2,49,0.0,no,not_applicable,0.0,not_applicable,0.0,1.6,-125.0,90.54527285254,1.9568657817881614
11,1,1.0,0.0,99.0,0.0,25.0,7,2,49,0.0,no,not_applicable,0.0,not_applicable,0.0,1.6,-115.0,98.77666129368,1.9946543426775611
11,1,1.0,0.0,99.0,0.0,25.0,7,2,49,0.0,no,not_applicable,0.0,not_applicable,0.0,1.6,-105.0,111.548907068795,2.047465319520648
11,1,1.0,0.0,99.0,0.0,25.0,7,2,49,0.0,no,not_applicable,0.0,not_applicable,0.0,1.6,-95.0,125.36785728941801,2.098186203231603
11,1,1.0,0.0,99.0,0.0,25.0,7,2,49,0.0,no,not_applicable,0.0,not_applicable,0.0,1.6,-85.0,143.700871814755,2.1574594029511274
11,1,1.0,0.0,99.0,0.0,25.0,7,2,49,0.0,no,not_applicable,0.0,not_applicable,0.0,1.6,-75.0,138.74621360044202,2.142221140011851
11,1,1.0,0.0,99.0,0.0,25.0,7,2,49,0.0,no,not_applicable,0.0,not_applicable,0.0,1.6,-65.0,125.6029891152,2.0989999749170227
11,1,1.0,0.0,99.0,0.0,25.0,7,2,49,0.0,no,not_applicable,0.0,not_applicable,0.0,1.6,-55.0,109.28351562606,2.038554657717759
11,1,1.0,0.0,99.0,0.0,25.0,7,2,49,0.0,no,not_applicable,0.0,not_applicable,0.0,1.6,-45.0,95.64963960184801,1.980683337988787
11,1,1.0,0.0,99.0,0.0,25.0,7,2,49,0.0,no,not_applicable,0.0,not_applicable,0.0,1.6,-35.0,87.768444842976,1.9433384032204666
11,1,1.0,0.0,99.0,0.0,25.0,7,2,49,0.0,no,not_applicable,0.0,not_applicable,0.0,1.6,-25.0,83.42700700115199,1.9213066632625933
11,1,1.0,0.0,99.0,0.0,25.0,7,2,49,0.0,no,not_applicable,0.0,not_applicable,0.0,1.6,-15.0,84.25656233664802,1.9256037359600635
11,1,1.0,0.0,99.0,0.0,25.0,7,2,49,0.0,no,not_applicable,0.0,not_applicable,0.0,1.6,-5.0,88.75737853469,1.9482044667829181
11,1,1.0,0.0,99.0,0.0,25.0,7,2,49,0.0,no,not_applicable,0.0,not_applicable,0.0,1.6,5.0,95.888670129104,1.9817672954804244
11,1,1.0,0.0,99.0,0.0,25.0,7,2,49,0.0,no,not_applicable,0.0,not_applicable,0.0,1.6,15.0,121.61861375608001,2.0850000488915175
11,1,1.0,0.0,99.0,0.0,25.0,7,2,49,0.0,no,not_applicable,0.0,not_applicable,0.0,1.6,25.0,149.84143110466798,2.1756319122441985
11,1,1.0,0.0,99.0,0.0,25.0,7,2,49,0.0,no,not_applicable,0.0,not_applicable,0.0,1.6,35.0,142.463966354974,2.153705031417361
11,1,1.0,0.0,99.0,0.0,25.0,7,2,49,0.0,no,not_applicable,0.0,not_applicable,0.0,1.6,45.0,71.799092995232,1.8561189580354227
11,1,1.0,0.0,99.0,0.0,25.0,7,2,49,0.0,no,not_applicable,0.0,not_applicable,0.0,1.6,55.0,13.681861080966002,1.1361451764937212
11,1,1.0,0.0,99.0,0.0,25.0,7,2,49,0.0,no,not_applicable,0.0,not_applicable,0.0,1.6,65.0,2.6231140551779997,0.4188171744857186
