temperature,study_id,instance,mw_phbv,additive1_type,additive1_percentage,additive2_type,additive2_percentage,hb_ratio_formulation,hv_ratio_formulation,loss_modulus,log_loss_modulus,log_mw
-12.5,8,1,490000.0,plasticizer_modifier,10.0,not_applicable,0.0,90.0,0.0,436.8937798166658,2.640375861577207,5.690196080028514
0.0,8,1,490000.0,plasticizer_modifier,10.0,not_applicable,0.0,90.0,0.0,406.8541907767104,2.609438793778423,5.690196080028514
12.5,8,1,490000.0,plasticizer_modifier,10.0,not_applicable,0.0,90.0,0.0,365.762765488014,2.563199492375631,5.690196080028514
25.0,8,1,490000.0,plasticizer_modifier,10.0,not_applicable,0.0,90.0,0.0,306.683928764705,2.486691018135466,5.690196080028514
37.5,8,1,490000.0,plasticizer_modifier,10.0,not_applicable,0.0,90.0,0.0,217.67894162802085,2.3378164172032165,5.690196080028514
50.0,8,1,490000.0,plasticizer_modifier,10.0,not_applicable,0.0,90.0,0.0,146.8497364893549,2.1668731715512144,5.690196080028514
62.5,8,1,490000.0,plasticizer_modifier,10.0,not_applicable,0.0,90.0,0.0,120.04096279213033,2.0793294700386578,5.690196080028514
75.0,8,1,490000.0,plasticizer_modifier,10.0,not_applicable,0.0,90.0,0.0,108.16966255651099,2.034105474895091,5.690196080028514
87.5,8,1,490000.0,plasticizer_modifier,10.0,not_applicable,0.0,90.0,0.0,91.41030230873564,1.9609951452271912,5.690196080028514
100.0,8,1,490000.0,plasticizer_modifier,10.0,not_applicable,0.0,90.0,0.0,74.13557685102667,1.8700266711662266,5.690196080028514
112.5,8,1,490000.0,plasticizer_modifier,10.0,not_applicable,0.0,90.0,0.0,60.21592886461461,1.7797113899777977,5.690196080028514
125.0,8,1,490000.0,plasticizer_modifier,10.0,not_applicable,0.0,90.0,0.0,45.87499687783586,1.661576047702899,5.690196080028514
137.5,8,1,490000.0,plasticizer_modifier,10.0,not_applicable,0.0,90.0,0.0,35.09062601470326,1.545191116072519,5.690196080028514
-12.5,8,2,490000.0,plasticizer_modifier,10.0,reinforcement,5.0,85.0,0.0,459.8862283425885,2.662650404476469,5.690196080028514
0.0,8,2,490000.0,plasticizer_modifier,10.0,reinforcement,5.0,85.0,0.0,430.4194523307989,2.6338918905603386,5.690196080028514
12.5,8,2,490000.0,plasticizer_modifier,10.0,reinforcement,5.0,85.0,0.0,382.5575102615119,2.582696732330866,5.690196080028514
25.0,8,2,490000.0,plasticizer_modifier,10.0,reinforcement,5.0,85.0,0.0,329.0569399462147,2.517271054681866,5.690196080028514
37.5,8,2,490000.0,plasticizer_modifier,10.0,reinforcement,5.0,85.0,0.0,245.05574103522582,2.3892648813873665,5.690196080028514
50.0,8,2,490000.0,plasticizer_modifier,10.0,reinforcement,5.0,85.0,0.0,173.58357824975613,2.2395086366650325,5.690196080028514
62.5,8,2,490000.0,plasticizer_modifier,10.0,reinforcement,5.0,85.0,0.0,145.67101549425908,2.1633731477676967,5.690196080028514
75.0,8,2,490000.0,plasticizer_modifier,10.0,reinforcement,5.0,85.0,0.0,124.12808365734415,2.0938700506171033,5.690196080028514
87.5,8,2,490000.0,plasticizer_modifier,10.0,reinforcement,5.0,85.0,0.0,99.46486108451445,1.99766968041995,5.690196080028514
100.0,8,2,490000.0,plasticizer_modifier,10.0,reinforcement,5.0,85.0,0.0,79.32419718755428,1.8994056854521915,5.690196080028514
112.5,8,2,490000.0,plasticizer_modifier,10.0,reinforcement,5.0,85.0,0.0,66.10620353179186,1.8202422164176981,5.690196080028514
125.0,8,2,490000.0,plasticizer_modifier,10.0,reinforcement,5.0,85.0,0.0,57.08231689548653,1.7565015922370069,5.690196080028514
137.5,8,2,490000.0,plasticizer_modifier,10.0,reinforcement,5.0,85.0,0.0,48.03470181252019,1.68155509905394,5.690196080028514
-12.5,8,3,490000.0,plasticizer_modifier,10.0,reinforcement,10.0,80.0,0.0,404.2861067863353,2.6066888171444496,5.690196080028514
0.0,8,3,490000.0,plasticizer_modifier,10.0,reinforcement,10.0,80.0,0.0,386.284125252895,2.5869068607289987,5.690196080028514
12.5,8,3,490000.0,plasticizer_modifier,10.0,reinforcement,10.0,80.0,0.0,383.73373352538033,2.584029979130465,5.690196080028514
25.0,8,3,490000.0,plasticizer_modifier,10.0,reinforcement,10.0,80.0,0.0,343.1691213814115,2.5355082027868563,5.690196080028514
37.5,8,3,490000.0,plasticizer_modifier,10.0,reinforcement,10.0,80.0,0.0,281.0176589597779,2.44873361153433,5.690196080028514
50.0,8,3,490000.0,plasticizer_modifier,10.0,reinforcement,10.0,80.0,0.0,204.15518404116185,2.309960412286867,5.690196080028514
62.5,8,3,490000.0,plasticizer_modifier,10.0,reinforcement,10.0,80.0,0.0,169.90941561415,2.230217446179027,5.690196080028514
75.0,8,3,490000.0,plasticizer_modifier,10.0,reinforcement,10.0,80.0,0.0,172.13260455086603,2.2358631401438482,5.690196080028514
87.5,8,3,490000.0,plasticizer_modifier,10.0,reinforcement,10.0,80.0,0.0,157.7042519711255,2.1978434027943625,5.690196080028514
100.0,8,3,490000.0,plasticizer_modifier,10.0,reinforcement,10.0,80.0,0.0,124.77541233379604,2.096129013713447,5.690196080028514
112.5,8,3,490000.0,plasticizer_modifier,10.0,reinforcement,10.0,80.0,0.0,108.03561764730313,2.0335669591678123,5.690196080028514
125.0,8,3,490000.0,plasticizer_modifier,10.0,reinforcement,10.0,80.0,0.0,92.49452580572641,1.9661160302231746,5.690196080028514
137.5,8,3,490000.0,plasticizer_modifier,10.0,reinforcement,10.0,80.0,0.0,79.9946298778608,1.9030608333332881,5.690196080028514
-12.5,8,4,490000.0,plasticizer_modifier,20.0,reinforcement,5.0,75.0,0.0,232.29857879093106,2.366046552782825,5.690196080028514
0.0,8,4,490000.0,plasticizer_modifier,20.0,reinforcement,5.0,75.0,0.0,217.0003913112255,2.336460517001307,5.690196080028514
12.5,8,4,490000.0,plasticizer_modifier,20.0,reinforcement,5.0,75.0,0.0,200.0907509012646,2.301227014046606,5.690196080028514
25.0,8,4,490000.0,plasticizer_modifier,20.0,reinforcement,5.0,75.0,0.0,172.3120249107055,2.2363155860384976,5.690196080028514
37.5,8,4,490000.0,plasticizer_modifier,20.0,reinforcement,5.0,75.0,0.0,137.40352513133857,2.1379978748301527,5.690196080028514
50.0,8,4,490000.0,plasticizer_modifier,20.0,reinforcement,5.0,75.0,0.0,103.23289678541936,2.0138181141106375,5.690196080028514
62.5,8,4,490000.0,plasticizer_modifier,20.0,reinforcement,5.0,75.0,0.0,79.92594226910539,1.9026877649920297,5.690196080028514
75.0,8,4,490000.0,plasticizer_modifier,20.0,reinforcement,5.0,75.0,0.0,64.68790848312736,1.8108231095742375,5.690196080028514
87.5,8,4,490000.0,plasticizer_modifier,20.0,reinforcement,5.0,75.0,0.0,51.474077712744126,1.7115885738844485,5.690196080028514
100.0,8,4,490000.0,plasticizer_modifier,20.0,reinforcement,5.0,75.0,0.0,46.25798233271445,1.6651866859166926,5.690196080028514
112.5,8,4,490000.0,plasticizer_modifier,20.0,reinforcement,5.0,75.0,0.0,41.99935058988078,1.6232425752214308,5.690196080028514
125.0,8,4,490000.0,plasticizer_modifier,20.0,reinforcement,5.0,75.0,0.0,40.79294640701356,1.610585074821736,5.690196080028514
137.5,8,4,490000.0,plasticizer_modifier,20.0,reinforcement,5.0,75.0,0.0,31.95763847838209,1.5045746794748696,5.690196080028514
-28.3333333333333,9,1,286000.0,not_applicable,0.0,not_applicable,0.0,22.9,77.1,283.0923755302945,2.451928172757152,5.456366033129043
-17.4444444444444,9,1,286000.0,not_applicable,0.0,not_applicable,0.0,22.9,77.1,294.9026095185002,2.4696786155306754,5.456366033129043
-6.24444444444444,9,1,286000.0,not_applicable,0.0,not_applicable,0.0,22.9,77.1,292.99551875106505,2.4668609780450055,5.456366033129043
4.33333333333333,9,1,286000.0,not_applicable,0.0,not_applicable,0.0,22.9,77.1,295.83917485705405,2.4710556824997654,5.456366033129043
15.5333333333333,9,1,286000.0,not_applicable,0.0,not_applicable,0.0,22.9,77.1,301.9300065817859,2.4799062764722772,5.456366033129043
26.2666666666666,9,1,286000.0,not_applicable,0.0,not_applicable,0.0,22.9,77.1,357.7130635039245,2.5535348006579786,5.456366033129043
37.9333333333333,9,1,286000.0,not_applicable,0.0,not_applicable,0.0,22.9,77.1,296.11061785752116,2.4714539804870874,5.456366033129043
48.9777777777777,9,1,286000.0,not_applicable,0.0,not_applicable,0.0,22.9,77.1,152.38977550468726,2.182955829268309,5.456366033129043
60.3333333333333,9,1,286000.0,not_applicable,0.0,not_applicable,0.0,22.9,77.1,83.10206650138316,1.919611823531268,5.456366033129043
71.6888888888889,9,1,286000.0,not_applicable,0.0,not_applicable,0.0,22.9,77.1,48.48973753759379,1.6856498333981969,5.456366033129043
82.8888888888888,9,1,286000.0,not_applicable,0.0,not_applicable,0.0,22.9,77.1,36.04360083876542,1.5568281714937238,5.456366033129043
94.0888888888889,9,1,286000.0,not_applicable,0.0,not_applicable,0.0,22.9,77.1,27.553080271498846,1.4401701574577108,5.456366033129043
105.755555555555,9,1,286000.0,not_applicable,0.0,not_applicable,0.0,22.9,77.1,22.302895399055995,1.348361247541743,5.456366033129043
-28.3333333333333,9,2,286000.0,reinforcement,1.0,not_applicable,0.0,22.671,76.329,69.91907210436982,1.8445956561448544,5.456366033129043
-17.4444444444444,9,2,286000.0,reinforcement,1.0,not_applicable,0.0,22.671,76.329,67.32482032110619,1.8281752030244136,5.456366033129043
-6.24444444444444,9,2,286000.0,reinforcement,1.0,not_applicable,0.0,22.671,76.329,76.94265179554978,1.8861671500020996,5.456366033129043
4.33333333333333,9,2,286000.0,reinforcement,1.0,not_applicable,0.0,22.671,76.329,78.41824997442637,1.8944171461135078,5.456366033129043
15.5333333333333,9,2,286000.0,reinforcement,1.0,not_applicable,0.0,22.671,76.329,108.72240577144653,2.0363190537474716,5.456366033129043
26.2666666666666,9,2,286000.0,reinforcement,1.0,not_applicable,0.0,22.671,76.329,199.01624052457814,2.2988885180298886,5.456366033129043
37.9333333333333,9,2,286000.0,reinforcement,1.0,not_applicable,0.0,22.671,76.329,240.43269320009279,2.3809935211968525,5.456366033129043
48.9777777777777,9,2,286000.0,reinforcement,1.0,not_applicable,0.0,22.671,76.329,128.19886462910756,2.107884178946473,5.456366033129043
60.3333333333333,9,2,286000.0,reinforcement,1.0,not_applicable,0.0,22.671,76.329,66.33196537469884,1.8217228653632243,5.456366033129043
71.6888888888889,9,2,286000.0,reinforcement,1.0,not_applicable,0.0,22.671,76.329,32.854227853260205,1.5165912647693014,5.456366033129043
82.8888888888888,9,2,286000.0,reinforcement,1.0,not_applicable,0.0,22.671,76.329,25.296133633266635,1.4030541468653714,5.456366033129043
94.0888888888889,9,2,286000.0,reinforcement,1.0,not_applicable,0.0,22.671,76.329,22.42674203428264,1.3507661875686208,5.456366033129043
105.755555555555,9,2,286000.0,reinforcement,1.0,not_applicable,0.0,22.671,76.329,20.014431401296633,1.3013432565551903,5.456366033129043
-28.3333333333333,9,3,286000.0,reinforcement,5.0,not_applicable,0.0,21.755,73.24499999999999,207.87029491809548,2.317792432213223,5.456366033129043
-17.4444444444444,9,3,286000.0,reinforcement,5.0,not_applicable,0.0,21.755,73.24499999999999,198.2653217275214,2.297246759089751,5.456366033129043
-6.24444444444444,9,3,286000.0,reinforcement,5.0,not_applicable,0.0,21.755,73.24499999999999,195.23844770090386,2.2905653460157693,5.456366033129043
4.33333333333333,9,3,286000.0,reinforcement,5.0,not_applicable,0.0,21.755,73.24499999999999,200.12212085949332,2.301295096813281,5.456366033129043
15.5333333333333,9,3,286000.0,reinforcement,5.0,not_applicable,0.0,21.755,73.24499999999999,212.00584898440383,2.326347842752387,5.456366033129043
26.2666666666666,9,3,286000.0,reinforcement,5.0,not_applicable,0.0,21.755,73.24499999999999,288.37340392811615,2.459955203828655,5.456366033129043
37.9333333333333,9,3,286000.0,reinforcement,5.0,not_applicable,0.0,21.755,73.24499999999999,305.1238128625378,2.4844761027300315,5.456366033129043
48.9777777777777,9,3,286000.0,reinforcement,5.0,not_applicable,0.0,21.755,73.24499999999999,177.64324379695677,2.2495486948678654,5.456366033129043
60.3333333333333,9,3,286000.0,reinforcement,5.0,not_applicable,0.0,21.755,73.24499999999999,97.28820095603109,1.988060172535483,5.456366033129043
71.6888888888889,9,3,286000.0,reinforcement,5.0,not_applicable,0.0,21.755,73.24499999999999,60.300663742177846,1.7803220925378092,5.456366033129043
82.8888888888888,9,3,286000.0,reinforcement,5.0,not_applicable,0.0,21.755,73.24499999999999,45.903155632977125,1.6618425423320515,5.456366033129043
94.0888888888889,9,3,286000.0,reinforcement,5.0,not_applicable,0.0,21.755,73.24499999999999,33.70387568292995,1.5276798442223665,5.456366033129043
105.755555555555,9,3,286000.0,reinforcement,5.0,not_applicable,0.0,21.755,73.24499999999999,28.10275951977752,1.448748967071279,5.456366033129043
-28.3333333333333,9,4,286000.0,reinforcement,10.0,not_applicable,0.0,20.61,69.38999999999999,187.59881136441211,2.273230082339889,5.456366033129043
-17.4444444444444,9,4,286000.0,reinforcement,10.0,not_applicable,0.0,20.61,69.38999999999999,189.95217162026404,2.278644262972636,5.456366033129043
-6.24444444444444,9,4,286000.0,reinforcement,10.0,not_applicable,0.0,20.61,69.38999999999999,182.58577605985872,2.261466941767144,5.456366033129043
4.33333333333333,9,4,286000.0,reinforcement,10.0,not_applicable,0.0,20.61,69.38999999999999,192.8574402851217,2.2852363982574992,5.456366033129043
15.5333333333333,9,4,286000.0,reinforcement,10.0,not_applicable,0.0,20.61,69.38999999999999,220.00184315655997,2.342426319319343,5.456366033129043
26.2666666666666,9,4,286000.0,reinforcement,10.0,not_applicable,0.0,20.61,69.38999999999999,299.39389808383726,2.476242944786181,5.456366033129043
37.9333333333333,9,4,286000.0,reinforcement,10.0,not_applicable,0.0,20.61,69.38999999999999,327.8494967324667,2.5156745213364355,5.456366033129043
48.9777777777777,9,4,286000.0,reinforcement,10.0,not_applicable,0.0,20.61,69.38999999999999,186.17748184361892,2.269927151927543,5.456366033129043
60.3333333333333,9,4,286000.0,reinforcement,10.0,not_applicable,0.0,20.61,69.38999999999999,99.15522800224736,1.996315617509249,5.456366033129043
71.6888888888889,9,4,286000.0,reinforcement,10.0,not_applicable,0.0,20.61,69.38999999999999,61.29570210546829,1.7874300239912329,5.456366033129043
82.8888888888888,9,4,286000.0,reinforcement,10.0,not_applicable,0.0,20.61,69.38999999999999,44.94800307295031,1.6527104018831935,5.456366033129043
94.0888888888889,9,4,286000.0,reinforcement,10.0,not_applicable,0.0,20.61,69.38999999999999,39.458195921478826,1.5961372248782169,5.456366033129043
-12.5,11,1b,450000.0,not_applicable,0.0,not_applicable,0.0,100.0,0.0,55.42960734906562,1.7437418021584346,5.653212513775344
0.0,11,1b,450000.0,not_applicable,0.0,not_applicable,0.0,100.0,0.0,61.250932983919846,1.7871127083293394,5.653212513775344
12.5,11,1b,450000.0,not_applicable,0.0,not_applicable,0.0,100.0,0.0,75.83289679233047,1.8798576462133234,5.653212513775344
25.0,11,1b,450000.0,not_applicable,0.0,not_applicable,0.0,100.0,0.0,89.91085665110975,1.953812135548496,5.653212513775344
37.5,11,1b,450000.0,not_applicable,0.0,not_applicable,0.0,100.0,0.0,82.18320961263825,1.9147830983500216,5.653212513775344
50.0,11,1b,450000.0,not_applicable,0.0,not_applicable,0.0,100.0,0.0,66.22711118713079,1.8210358116247147,5.653212513775344
62.5,11,1b,450000.0,not_applicable,0.0,not_applicable,0.0,100.0,0.0,63.50484212767674,1.8028068407117734,5.653212513775344
75.0,11,1b,450000.0,not_applicable,0.0,not_applicable,0.0,100.0,0.0,68.99107675234204,1.838792923087649,5.653212513775344
87.5,11,1b,450000.0,not_applicable,0.0,not_applicable,0.0,100.0,0.0,79.46477234000477,1.9001746435118496,5.653212513775344
100.0,11,1b,450000.0,not_applicable,0.0,not_applicable,0.0,100.0,0.0,90.22907791226675,1.9553465191579669,5.653212513775344
112.5,11,1b,450000.0,not_applicable,0.0,not_applicable,0.0,100.0,0.0,91.23713528810993,1.9601716406105536,5.653212513775344
120.0,11,1b,450000.0,not_applicable,0.0,not_applicable,0.0,100.0,0.0,81.50979440512133,1.911209797703448,5.653212513775344
-12.5,11,2b,450000.0,reinforcement,10.0,not_applicable,0.0,90.0,0.0,41.86677081109516,1.6218694649990553,5.653212513775344
0.0,11,2b,450000.0,reinforcement,10.0,not_applicable,0.0,90.0,0.0,53.41622482794915,1.7276731911670955,5.653212513775344
12.5,11,2b,450000.0,reinforcement,10.0,not_applicable,0.0,90.0,0.0,62.839108548321356,1.7982300153989506,5.653212513775344
25.0,11,2b,450000.0,reinforcement,10.0,not_applicable,0.0,90.0,0.0,80.64380236832885,1.9065709966392987,5.653212513775344
37.5,11,2b,450000.0,reinforcement,10.0,not_applicable,0.0,90.0,0.0,74.78755692092896,1.873829346392452,5.653212513775344
50.0,11,2b,450000.0,reinforcement,10.0,not_applicable,0.0,90.0,0.0,66.31970868881167,1.821642609895663,5.653212513775344
62.5,11,2b,450000.0,reinforcement,10.0,not_applicable,0.0,90.0,0.0,62.42682008201343,1.795371213258899,5.653212513775344
75.0,11,2b,450000.0,reinforcement,10.0,not_applicable,0.0,90.0,0.0,64.9201380284186,1.8123794345201343,5.653212513775344
87.5,11,2b,450000.0,reinforcement,10.0,not_applicable,0.0,90.0,0.0,69.87323212613376,1.8443108328790585,5.653212513775344
100.0,11,2b,450000.0,reinforcement,10.0,not_applicable,0.0,90.0,0.0,69.02204465237772,1.8389878203291643,5.653212513775344
112.5,11,2b,450000.0,reinforcement,10.0,not_applicable,0.0,90.0,0.0,62.7071218242498,1.7973168676780455,5.653212513775344
120.0,11,2b,450000.0,reinforcement,10.0,not_applicable,0.0,90.0,0.0,57.13476977444113,1.7569004817229064,5.653212513775344
-12.5,11,3b,450000.0,reinforcement,20.0,not_applicable,0.0,80.0,0.0,39.545737965918526,1.5970996843539464,5.653212513775344
0.0,11,3b,450000.0,reinforcement,20.0,not_applicable,0.0,80.0,0.0,47.973943085277405,1.681005415564089,5.653212513775344
12.5,11,3b,450000.0,reinforcement,20.0,not_applicable,0.0,80.0,0.0,58.44844124887206,1.7667729335296765,5.653212513775344
25.0,11,3b,450000.0,reinforcement,20.0,not_applicable,0.0,80.0,0.0,72.46825854444408,1.8601478250877612,5.653212513775344
37.5,11,3b,450000.0,reinforcement,20.0,not_applicable,0.0,80.0,0.0,62.762359757014984,1.7976992639490623,5.653212513775344
50.0,11,3b,450000.0,reinforcement,20.0,not_applicable,0.0,80.0,0.0,52.99893503657876,1.724267142952033,5.653212513775344
62.5,11,3b,450000.0,reinforcement,20.0,not_applicable,0.0,80.0,0.0,49.5816414166229,1.6953209001321252,5.653212513775344
75.0,11,3b,450000.0,reinforcement,20.0,not_applicable,0.0,80.0,0.0,53.72871314232892,1.730206438895917,5.653212513775344
87.5,11,3b,450000.0,reinforcement,20.0,not_applicable,0.0,80.0,0.0,60.088082222353265,1.7787883432453822,5.653212513775344
100.0,11,3b,450000.0,reinforcement,20.0,not_applicable,0.0,80.0,0.0,59.54983390780064,1.774880554516928,5.653212513775344
112.5,11,3b,450000.0,reinforcement,20.0,not_applicable,0.0,80.0,0.0,54.76295169725492,1.7384868483604619,5.653212513775344
120.0,11,3b,450000.0,reinforcement,20.0,not_applicable,0.0,80.0,0.0,49.38588183362903,1.6936028129301741,5.653212513775344
-12.5,11,4b,450000.0,reinforcement,50.0,not_applicable,0.0,50.0,0.0,32.23048209196589,1.5082668015816707,5.653212513775344
0.0,11,4b,450000.0,reinforcement,50.0,not_applicable,0.0,50.0,0.0,34.75554745999109,1.5410241337888486,5.653212513775344
12.5,11,4b,450000.0,reinforcement,50.0,not_applicable,0.0,50.0,0.0,41.6482928058493,1.6195972040574582,5.653212513775344
25.0,11,4b,450000.0,reinforcement,50.0,not_applicable,0.0,50.0,0.0,49.32709774230355,1.6930855636360316,5.653212513775344
37.5,11,4b,450000.0,reinforcement,50.0,not_applicable,0.0,50.0,0.0,46.98656564612688,1.6719737026215051,5.653212513775344
50.0,11,4b,450000.0,reinforcement,50.0,not_applicable,0.0,50.0,0.0,47.383439548272115,1.675626582824423,5.653212513775344
62.5,11,4b,450000.0,reinforcement,50.0,not_applicable,0.0,50.0,0.0,49.212263804906385,1.6920733433995667,5.653212513775344
75.0,11,4b,450000.0,reinforcement,50.0,not_applicable,0.0,50.0,0.0,46.51864832673448,1.6676270871232868,5.653212513775344
87.5,11,4b,450000.0,reinforcement,50.0,not_applicable,0.0,50.0,0.0,49.28379078217174,1.6927041052534162,5.653212513775344
100.0,11,4b,450000.0,reinforcement,50.0,not_applicable,0.0,50.0,0.0,47.81120616185604,1.6795297000402953,5.653212513775344
112.5,11,4b,450000.0,reinforcement,50.0,not_applicable,0.0,50.0,0.0,42.74034587285484,1.6308380323358773,5.653212513775344
120.0,11,4b,450000.0,reinforcement,50.0,not_applicable,0.0,50.0,0.0,38.2752806231206,1.5829183835016116,5.653212513775344
-50.0,12,1b,607000.0,not_applicable,0.0,not_applicable,0.0,95.0,5.0,183.02564680068784,2.262511950296528,5.7831886910752575
-25.0,12,1b,607000.0,not_applicable,0.0,not_applicable,0.0,95.0,5.0,184.96506015626994,2.2670896980546926,5.7831886910752575
5.0,12,1b,607000.0,not_applicable,0.0,not_applicable,0.0,95.0,5.0,228.27857572116616,2.3584651542292603,5.7831886910752575
35.0,12,1b,607000.0,not_applicable,0.0,not_applicable,0.0,95.0,5.0,523.6540502437741,2.719044466967958,5.7831886910752575
65.0,12,1b,607000.0,not_applicable,0.0,not_applicable,0.0,95.0,5.0,317.0429855754168,2.5011181490713508,5.7831886910752575
95.0,12,1b,607000.0,not_applicable,0.0,not_applicable,0.0,95.0,5.0,171.25361711493977,2.2336397531657415,5.7831886910752575
125.0,12,1b,607000.0,not_applicable,0.0,not_applicable,0.0,95.0,5.0,239.73645485213493,2.3797340788285,5.7831886910752575
-50.0,12,2b,607000.0,reinforcement,1.0,not_applicable,0.0,94.05,4.95,188.97135653972396,2.276395980683982,5.7831886910752575
-25.0,12,2b,607000.0,reinforcement,1.0,not_applicable,0.0,94.05,4.95,166.51878835881092,2.2214632421679172,5.7831886910752575
5.0,12,2b,607000.0,reinforcement,1.0,not_applicable,0.0,94.05,4.95,231.82029352740156,2.3651514513911533,5.7831886910752575
35.0,12,2b,607000.0,reinforcement,1.0,not_applicable,0.0,94.05,4.95,602.2131561123579,2.7797502389957196,5.7831886910752575
65.0,12,2b,607000.0,reinforcement,1.0,not_applicable,0.0,94.05,4.95,195.83297200943636,2.2918858149247785,5.7831886910752575
95.0,12,2b,607000.0,reinforcement,1.0,not_applicable,0.0,94.05,4.95,123.75192210165761,2.092551953073573,5.7831886910752575
125.0,12,2b,607000.0,reinforcement,1.0,not_applicable,0.0,94.05,4.95,150.75796711326637,2.1782802725992494,5.7831886910752575
-50.0,12,3b,607000.0,reinforcement,1.0,not_applicable,0.0,94.05,4.95,175.0135166653166,2.243071591466125,5.7831886910752575
-25.0,12,3b,607000.0,reinforcement,1.0,not_applicable,0.0,94.05,4.95,142.81484256908044,2.154773345471476,5.7831886910752575
5.0,12,3b,607000.0,reinforcement,1.0,not_applicable,0.0,94.05,4.95,267.9532484148451,2.4280590263920985,5.7831886910752575
35.0,12,3b,607000.0,reinforcement,1.0,not_applicable,0.0,94.05,4.95,643.0153833411589,2.8082213630023896,5.7831886910752575
65.0,12,3b,607000.0,reinforcement,1.0,not_applicable,0.0,94.05,4.95,183.56604067293776,2.263792340740634,5.7831886910752575
95.0,12,3b,607000.0,reinforcement,1.0,not_applicable,0.0,94.05,4.95,134.42115767194514,2.128467631344277,5.7831886910752575
125.0,12,3b,607000.0,reinforcement,1.0,not_applicable,0.0,94.05,4.95,163.54831642442656,2.213646077832173,5.7831886910752575
-50.0,12,4b,607000.0,reinforcement,2.5,not_applicable,0.0,92.625,4.875,221.0958337954819,2.3445805590568694,5.7831886910752575
-25.0,12,4b,607000.0,reinforcement,2.5,not_applicable,0.0,92.625,4.875,192.01793290011233,2.2833417901404083,5.7831886910752575
5.0,12,4b,607000.0,reinforcement,2.5,not_applicable,0.0,92.625,4.875,269.4144175876144,2.4304208330766484,5.7831886910752575
35.0,12,4b,607000.0,reinforcement,2.5,not_applicable,0.0,92.625,4.875,560.2660520014417,2.7483943082160813,5.7831886910752575
65.0,12,4b,607000.0,reinforcement,2.5,not_applicable,0.0,92.625,4.875,343.9990174477631,2.5365572021133205,5.7831886910752575
95.0,12,4b,607000.0,reinforcement,2.5,not_applicable,0.0,92.625,4.875,211.29417082526427,2.3248875159196016,5.7831886910752575
125.0,12,4b,607000.0,reinforcement,2.5,not_applicable,0.0,92.625,4.875,311.6651440820206,2.4936882344895657,5.7831886910752575
-50.0,12,5b,607000.0,reinforcement,2.5,not_applicable,0.0,92.625,4.875,128.16711626263572,2.1077766128771316,5.7831886910752575
-25.0,12,5b,607000.0,reinforcement,2.5,not_applicable,0.0,92.625,4.875,176.55348625441255,2.246876297634632,5.7831886910752575
5.0,12,5b,607000.0,reinforcement,2.5,not_applicable,0.0,92.625,4.875,271.4331090118539,2.4336628211577103,5.7831886910752575
35.0,12,5b,607000.0,reinforcement,2.5,not_applicable,0.0,92.625,4.875,570.8169755133847,2.7564968801086325,5.7831886910752575
65.0,12,5b,607000.0,reinforcement,2.5,not_applicable,0.0,92.625,4.875,217.4177908357066,2.3372950785986992,5.7831886910752575
95.0,12,5b,607000.0,reinforcement,2.5,not_applicable,0.0,92.625,4.875,150.7976677581339,2.1783946247724457,5.7831886910752575
125.0,12,5b,607000.0,reinforcement,2.5,not_applicable,0.0,92.625,4.875,198.35443765537647,2.2974419211080463,5.7831886910752575
-20.0,21,1a,350000.0,not_applicable,0.0,not_applicable,0.0,3.0,97.0,57.31,1.7582304084577496,5.544068044350276
0.0,21,1a,350000.0,not_applicable,0.0,not_applicable,0.0,3.0,97.0,53.72,1.7301360039966778,5.544068044350276
20.0,21,1a,350000.0,not_applicable,0.0,not_applicable,0.0,3.0,97.0,68.77,1.8373990243420224,5.544068044350276
40.0,21,1a,350000.0,not_applicable,0.0,not_applicable,0.0,3.0,97.0,113.9,2.0565237240791006,5.544068044350276
60.0,21,1a,350000.0,not_applicable,0.0,not_applicable,0.0,3.0,97.0,108.88,2.036948112195278,5.544068044350276
80.0,21,1a,350000.0,not_applicable,0.0,not_applicable,0.0,3.0,97.0,59.46,1.774224904868919,5.544068044350276
100.0,21,1a,350000.0,not_applicable,0.0,not_applicable,0.0,3.0,97.0,57.31,1.7582304084577496,5.544068044350276
-20.0,21,2a,350000.0,other,10.0,not_applicable,0.0,2.7,87.3,76.65,1.884512159190394,5.544068044350276
0.0,21,2a,350000.0,other,10.0,not_applicable,0.0,2.7,87.3,74.5,1.8721562727482928,5.544068044350276
20.0,21,2a,350000.0,other,10.0,not_applicable,0.0,2.7,87.3,89.54,1.9520170900474263,5.544068044350276
40.0,21,2a,350000.0,other,10.0,not_applicable,0.0,2.7,87.3,105.3,2.0224283711854865,5.544068044350276
60.0,21,2a,350000.0,other,10.0,not_applicable,0.0,2.7,87.3,95.99,1.9822259916746747,5.544068044350276
80.0,21,2a,350000.0,other,10.0,not_applicable,0.0,2.7,87.3,52.29,1.7184186418296556,5.544068044350276
100.0,21,2a,350000.0,other,10.0,not_applicable,0.0,2.7,87.3,51.58,1.7124813378019186,5.544068044350276
-20.0,21,3a,350000.0,other,30.0,not_applicable,0.0,2.1,67.9,83.09,1.919548758968848,5.544068044350276
0.0,21,3a,350000.0,other,30.0,not_applicable,0.0,2.1,67.9,88.83,1.9485596621089616,5.544068044350276
20.0,21,3a,350000.0,other,30.0,not_applicable,0.0,2.1,67.9,84.53,1.927010868975651,5.544068044350276
40.0,21,3a,350000.0,other,30.0,not_applicable,0.0,2.1,67.9,85.96,1.9342964068194057,5.544068044350276
60.0,21,3a,350000.0,other,30.0,not_applicable,0.0,2.1,67.9,68.77,1.8373990243420224,5.544068044350276
80.0,21,3a,350000.0,other,30.0,not_applicable,0.0,2.1,67.9,43.7,1.640481436970422,5.544068044350276
100.0,21,3a,350000.0,other,30.0,not_applicable,0.0,2.1,67.9,44.41,1.6474807731736758,5.544068044350276
-20.0,21,4a,350000.0,other,50.0,not_applicable,0.0,1.5,48.5,121.06,2.083000669576533,5.544068044350276
0.0,21,4a,350000.0,other,50.0,not_applicable,0.0,1.5,48.5,135.39,2.1315865882398084,5.544068044350276
20.0,21,4a,350000.0,other,50.0,not_applicable,0.0,1.5,48.5,115.33,2.0619422920280863,5.544068044350276
40.0,21,4a,350000.0,other,50.0,not_applicable,0.0,1.5,48.5,81.66,1.9120093755869783,5.544068044350276
60.0,21,4a,350000.0,other,50.0,not_applicable,0.0,1.5,48.5,53.01,1.7243578042264265,5.544068044350276
80.0,21,4a,350000.0,other,50.0,not_applicable,0.0,1.5,48.5,34.38,1.5363058723510337,5.544068044350276
100.0,21,4a,350000.0,other,50.0,not_applicable,0.0,1.5,48.5,37.25,1.5711262770843117,5.544068044350276
-20.0,21,5a,350000.0,not_applicable,0.0,not_applicable,0.0,0.0,100.0,51.49,1.7117228918272347,5.544068044350276
0.0,21,5a,350000.0,not_applicable,0.0,not_applicable,0.0,0.0,100.0,52.24,1.7180031682670176,5.544068044350276
20.0,21,5a,350000.0,not_applicable,0.0,not_applicable,0.0,0.0,100.0,64.18,1.8073997127594854,5.544068044350276
40.0,21,5a,350000.0,not_applicable,0.0,not_applicable,0.0,0.0,100.0,84.33,1.9259821003271032,5.544068044350276
60.0,21,5a,350000.0,not_applicable,0.0,not_applicable,0.0,0.0,100.0,97.01,1.9868165045855364,5.544068044350276
80.0,21,5a,350000.0,not_applicable,0.0,not_applicable,0.0,0.0,100.0,49.25,1.6924062348336306,5.544068044350276
100.0,21,5a,350000.0,not_applicable,0.0,not_applicable,0.0,0.0,100.0,47.01,1.6721902511882525,5.544068044350276
-20.0,21,6a,350000.0,other,10.0,not_applicable,0.0,0.0,90.0,75.37,1.8771985152717898,5.544068044350276
0.0,21,6a,350000.0,other,10.0,not_applicable,0.0,0.0,90.0,85.07,1.9297764328049019,5.544068044350276
20.0,21,6a,350000.0,other,10.0,not_applicable,0.0,0.0,90.0,102.99,2.0127950581454126,5.544068044350276
40.0,21,6a,350000.0,other,10.0,not_applicable,0.0,0.0,90.0,118.66,2.074304344001435,5.544068044350276
60.0,21,6a,350000.0,other,10.0,not_applicable,0.0,0.0,90.0,108.21,2.0342673970380254,5.544068044350276
80.0,21,6a,350000.0,other,10.0,not_applicable,0.0,0.0,90.0,61.19,1.7866804531966487,5.544068044350276
100.0,21,6a,350000.0,other,10.0,not_applicable,0.0,0.0,90.0,62.69,1.7971982698389588,5.544068044350276
-20.0,21,7a,350000.0,other,30.0,not_applicable,0.0,0.0,70.0,81.34,1.9103041680685688,5.544068044350276
0.0,21,7a,350000.0,other,30.0,not_applicable,0.0,0.0,70.0,98.51,1.9934803190699966,5.544068044350276
20.0,21,7a,350000.0,other,30.0,not_applicable,0.0,0.0,70.0,93.28,1.9697885374149389,5.544068044350276
40.0,21,7a,350000.0,other,30.0,not_applicable,0.0,0.0,70.0,89.55,1.9520655901850503,5.544068044350276
60.0,21,7a,350000.0,other,30.0,not_applicable,0.0,0.0,70.0,64.93,1.812445402872756,5.544068044350276
80.0,21,7a,350000.0,other,30.0,not_applicable,0.0,0.0,70.0,42.54,1.6287974855667102,5.544068044350276
100.0,21,7a,350000.0,other,30.0,not_applicable,0.0,0.0,70.0,42.54,1.6287974855667102,5.544068044350276
-20.0,21,8a,350000.0,other,50.0,not_applicable,0.0,0.0,50.0,115.67,2.0632207355819947,5.544068044350276
0.0,21,8a,350000.0,other,50.0,not_applicable,0.0,0.0,50.0,125.37,2.0981936258632885,5.544068044350276
20.0,21,8a,350000.0,other,50.0,not_applicable,0.0,0.0,50.0,97.76,1.990161192898479,5.544068044350276
40.0,21,8a,350000.0,other,50.0,not_applicable,0.0,0.0,50.0,72.39,1.8596785766284483,5.544068044350276
60.0,21,8a,350000.0,other,50.0,not_applicable,0.0,0.0,50.0,40.3,1.6053050461411094,5.544068044350276
80.0,21,8a,350000.0,other,50.0,not_applicable,0.0,0.0,50.0,28.36,1.4527062265110289,5.544068044350276
100.0,21,8a,350000.0,other,50.0,not_applicable,0.0,0.0,50.0,35.82,1.5541255815130128,5.544068044350276
-12.5,27,1,100.0,not_applicable,0.0,not_applicable,0.0,100.0,0.0,36.05041,1.5569102082988608,2.0
0.0,27,1,100.0,not_applicable,0.0,not_applicable,0.0,100.0,0.0,35.65966,1.5521771980421462,2.0
12.5,27,1,100.0,not_applicable,0.0,not_applicable,0.0,100.0,0.0,34.18488,1.5338340597244493,2.0
25.0,27,1,100.0,not_applicable,0.0,not_applicable,0.0,100.0,0.0,31.764696,1.5019447033308349,2.0
37.5,27,1,100.0,not_applicable,0.0,not_applicable,0.0,100.0,0.0,24.453780000000002,1.3883460007297996,2.0
50.0,27,1,100.0,not_applicable,0.0,not_applicable,0.0,100.0,0.0,18.756304,1.273147263118452,2.0
62.5,27,1,100.0,not_applicable,0.0,not_applicable,0.0,100.0,0.0,17.142864000000003,1.2340833797511261,2.0
75.0,27,1,100.0,not_applicable,0.0,not_applicable,0.0,100.0,0.0,17.243693999999998,1.2366303074264224,2.0
87.5,27,1,100.0,not_applicable,0.0,not_applicable,0.0,100.0,0.0,18.857146,1.2754759635740007,2.0
100.0,27,1,100.0,not_applicable,0.0,not_applicable,0.0,100.0,0.0,20.760516,1.3172381436449994,2.0
112.5,27,1,100.0,not_applicable,0.0,not_applicable,0.0,100.0,0.0,23.999988,1.3802110245643107,2.0
-12.5,27,2,98.0,reinforcement,2.0,not_applicable,0.0,98.0,0.0,133.512608,2.1255222793806063,1.9912260756924949
0.0,27,2,98.0,reinforcement,2.0,not_applicable,0.0,98.0,0.0,138.403368,2.1411466586613295,1.9912260756924949
12.5,27,2,98.0,reinforcement,2.0,not_applicable,0.0,98.0,0.0,128.722704,2.1096551541483435,1.9912260756924949
25.0,27,2,98.0,reinforcement,2.0,not_applicable,0.0,98.0,0.0,117.529427,2.070146618809119,1.9912260756924949
37.5,27,2,98.0,reinforcement,2.0,not_applicable,0.0,98.0,0.0,91.56304,1.9617202033265304,1.9912260756924949
50.0,27,2,98.0,reinforcement,2.0,not_applicable,0.0,98.0,0.0,68.168074,1.833581023747782,1.9912260756924949
62.5,27,2,98.0,reinforcement,2.0,not_applicable,0.0,98.0,0.0,58.386552,1.7663128288805323,1.9912260756924949
75.0,27,2,98.0,reinforcement,2.0,not_applicable,0.0,98.0,0.0,65.42016,1.8157116019569868,1.9912260756924949
87.5,27,2,98.0,reinforcement,2.0,not_applicable,0.0,98.0,0.0,70.789914,1.8499713847211636,1.9912260756924949
100.0,27,2,98.0,reinforcement,2.0,not_applicable,0.0,98.0,0.0,74.73529,1.873525724080043,1.9912260756924949
112.5,27,2,98.0,reinforcement,2.0,not_applicable,0.0,98.0,0.0,76.878123,1.8858027713736294,1.9912260756924949
-12.5,27,3,98.0,reinforcement,2.0,not_applicable,0.0,98.0,0.0,179.55882000000003,2.254206742702145,1.9912260756924949
0.0,27,3,98.0,reinforcement,2.0,not_applicable,0.0,98.0,0.0,179.62185799999997,2.254359184397972,1.9912260756924949
12.5,27,3,98.0,reinforcement,2.0,not_applicable,0.0,98.0,0.0,174.705888,2.2423075419767398,1.9912260756924949
25.0,27,3,98.0,reinforcement,2.0,not_applicable,0.0,98.0,0.0,151.94117400000002,2.1816754777333442,1.9912260756924949
37.5,27,3,98.0,reinforcement,2.0,not_applicable,0.0,98.0,0.0,124.058828,2.0936276740114637,1.9912260756924949
50.0,27,3,98.0,reinforcement,2.0,not_applicable,0.0,98.0,0.0,89.24369999999999,1.950577567621125,1.9912260756924949
62.5,27,3,98.0,reinforcement,2.0,not_applicable,0.0,98.0,0.0,76.941172,1.8861587973757379,1.9912260756924949
75.0,27,3,98.0,reinforcement,2.0,not_applicable,0.0,98.0,0.0,82.94118,1.918770209757722,1.9912260756924949
87.5,27,3,98.0,reinforcement,2.0,not_applicable,0.0,98.0,0.0,89.05463999999999,1.9496565523663394,1.9912260756924949
100.0,27,3,98.0,reinforcement,2.0,not_applicable,0.0,98.0,0.0,99.07566,1.9959669741013908,1.9912260756924949
112.5,27,3,98.0,reinforcement,2.0,not_applicable,0.0,98.0,0.0,99.806686,1.9991596354321142,1.9912260756924949
-12.5,27,4,98.0,reinforcement,2.0,not_applicable,0.0,98.0,0.0,214.78992,2.3320138962495967,1.9912260756924949
0.0,27,4,98.0,reinforcement,2.0,not_applicable,0.0,98.0,0.0,202.68908,2.306830351438482,1.9912260756924949
12.5,27,4,98.0,reinforcement,2.0,not_applicable,0.0,98.0,0.0,190.58822999999998,2.2800960767646026,1.9912260756924949
25.0,27,4,98.0,reinforcement,2.0,not_applicable,0.0,98.0,0.0,180.907558,2.2574567112994317,1.9912260756924949
37.5,27,4,98.0,reinforcement,2.0,not_applicable,0.0,98.0,0.0,160.613462,2.2057819433542076,1.9912260756924949
50.0,27,4,98.0,reinforcement,2.0,not_applicable,0.0,98.0,0.0,136.58825299999998,2.13541335032171,1.9912260756924949
62.5,27,4,98.0,reinforcement,2.0,not_applicable,0.0,98.0,0.0,113.06724,2.053336791060223,1.9912260756924949
75.0,27,4,98.0,reinforcement,2.0,not_applicable,0.0,98.0,0.0,102.844523,2.012181168230904,1.9912260756924949
87.5,27,4,98.0,reinforcement,2.0,not_applicable,0.0,98.0,0.0,93.17646799999999,1.969306243811465,1.9912260756924949
100.0,27,4,98.0,reinforcement,2.0,not_applicable,0.0,98.0,0.0,93.52941799999999,1.9709482318951421,1.9912260756924949
112.5,27,4,98.0,reinforcement,2.0,not_applicable,0.0,98.0,0.0,98.319325,1.992638888289895,1.9912260756924949
-50.0,32,2,548277.0,reinforcement,5.0,not_applicable,0.0,95.0,0.0,130.548,2.1157702228030293,5.7390000277864655
-25.0,32,2,548277.0,reinforcement,5.0,not_applicable,0.0,95.0,0.0,130.548,2.1157702228030293,5.7390000277864655
0.0,32,2,548277.0,reinforcement,5.0,not_applicable,0.0,95.0,0.0,156.283,2.193911739326106,5.7390000277864655
25.0,32,2,548277.0,reinforcement,5.0,not_applicable,0.0,95.0,0.0,196.725,2.2938595539820534,5.7390000277864655
50.0,32,2,548277.0,reinforcement,5.0,not_applicable,0.0,95.0,0.0,233.155,2.367644733318822,5.7390000277864655
75.0,32,2,548277.0,reinforcement,5.0,not_applicable,0.0,95.0,0.0,70.722,1.849554533915112,5.7390000277864655
97.5,32,2,548277.0,reinforcement,5.0,not_applicable,0.0,95.0,0.0,52.674,1.721596299408674,5.7390000277864655
-37.5,45,1b,290000.0,not_applicable,0.0,not_applicable,0.0,100.0,0.0,273.563,2.437057357732076,5.4623979978989565
-25.0,45,1b,290000.0,not_applicable,0.0,not_applicable,0.0,100.0,0.0,187.069,2.272001824675886,5.4623979978989565
-12.5,45,1b,290000.0,not_applicable,0.0,not_applicable,0.0,100.0,0.0,179.023,2.2529088305966636,5.4623979978989565
0.0,45,1b,290000.0,not_applicable,0.0,not_applicable,0.0,100.0,0.0,197.126,2.2947439094739552,5.4623979978989565
12.5,45,1b,290000.0,not_applicable,0.0,not_applicable,0.0,100.0,0.0,227.299,2.3565975250543274,5.4623979978989565
25.0,45,1b,290000.0,not_applicable,0.0,not_applicable,0.0,100.0,0.0,287.644,2.4588553194563616,5.4623979978989565
37.5,45,1b,290000.0,not_applicable,0.0,not_applicable,0.0,100.0,0.0,329.885,2.518362568454308,5.4623979978989565
50.0,45,1b,290000.0,not_applicable,0.0,not_applicable,0.0,100.0,0.0,237.356,2.3754002144995283,5.4623979978989565
62.5,45,1b,290000.0,not_applicable,0.0,not_applicable,0.0,100.0,0.0,128.736,2.109700010891167,5.4623979978989565
75.0,45,1b,290000.0,not_applicable,0.0,not_applicable,0.0,100.0,0.0,82.471,1.916301260621684,5.4623979978989565
87.5,45,1b,290000.0,not_applicable,0.0,not_applicable,0.0,100.0,0.0,76.437,1.8833036335240902,5.4623979978989565
100.0,45,1b,290000.0,not_applicable,0.0,not_applicable,0.0,100.0,0.0,82.471,1.916301260621684,5.4623979978989565
112.5,45,1b,290000.0,not_applicable,0.0,not_applicable,0.0,100.0,0.0,94.54,1.975615597966895,5.4623979978989565
125.0,45,1b,290000.0,not_applicable,0.0,not_applicable,0.0,100.0,0.0,90.517,1.956730151722857,5.4623979978989565
137.5,45,1b,290000.0,not_applicable,0.0,not_applicable,0.0,100.0,0.0,88.506,1.9469727133934676,5.4623979978989565
-37.5,45,2b,290000.0,crosslinker_polymer_modifier,0.25,not_applicable,0.0,99.75,0.0,323.851,2.5103452424237593,5.4623979978989565
-25.0,45,2b,290000.0,crosslinker_polymer_modifier,0.25,not_applicable,0.0,99.75,0.0,247.414,2.3934242706800077,5.4623979978989565
-12.5,45,2b,290000.0,crosslinker_polymer_modifier,0.25,not_applicable,0.0,99.75,0.0,239.368,2.379066091131709,5.4623979978989565
0.0,45,2b,290000.0,crosslinker_polymer_modifier,0.25,not_applicable,0.0,99.75,0.0,259.483,2.414108910361604,5.4623979978989565
12.5,45,2b,290000.0,crosslinker_polymer_modifier,0.25,not_applicable,0.0,99.75,0.0,378.161,2.577676737734427,5.4623979978989565
25.0,45,2b,290000.0,crosslinker_polymer_modifier,0.25,not_applicable,0.0,99.75,0.0,579.31,2.7629110253182096,5.4623979978989565
37.5,45,2b,290000.0,crosslinker_polymer_modifier,0.25,not_applicable,0.0,99.75,0.0,607.471,2.7835255500224565,5.4623979978989565
50.0,45,2b,290000.0,crosslinker_polymer_modifier,0.25,not_applicable,0.0,99.75,0.0,283.621,2.4527383839386423,5.4623979978989565
62.5,45,2b,290000.0,crosslinker_polymer_modifier,0.25,not_applicable,0.0,99.75,0.0,106.609,2.027793869656286,5.4623979978989565
75.0,45,2b,290000.0,crosslinker_polymer_modifier,0.25,not_applicable,0.0,99.75,0.0,60.345,1.7806412916269425,5.4623979978989565
87.5,45,2b,290000.0,crosslinker_polymer_modifier,0.25,not_applicable,0.0,99.75,0.0,56.322,1.7506780682494993,5.4623979978989565
100.0,45,2b,290000.0,crosslinker_polymer_modifier,0.25,not_applicable,0.0,99.75,0.0,62.356,1.7948782483762573,5.4623979978989565
112.5,45,2b,290000.0,crosslinker_polymer_modifier,0.25,not_applicable,0.0,99.75,0.0,74.425,1.8717188433187624,5.4623979978989565
125.0,45,2b,290000.0,crosslinker_polymer_modifier,0.25,not_applicable,0.0,99.75,0.0,74.425,1.8717188433187624,5.4623979978989565
137.5,45,2b,290000.0,crosslinker_polymer_modifier,0.25,not_applicable,0.0,99.75,0.0,66.379,1.8220307054731093,5.4623979978989565
-37.5,45,3b,290000.0,crosslinker_polymer_modifier,0.5,not_applicable,0.0,99.5,0.0,1013.793,3.0059492881974355,5.4623979978989565
-25.0,45,3b,290000.0,crosslinker_polymer_modifier,0.5,not_applicable,0.0,99.5,0.0,716.092,2.854968821924626,5.4623979978989565
-12.5,45,3b,290000.0,crosslinker_polymer_modifier,0.5,not_applicable,0.0,99.5,0.0,603.448,2.7806398522526727,5.4623979978989565
0.0,45,3b,290000.0,crosslinker_polymer_modifier,0.5,not_applicable,0.0,99.5,0.0,726.149,2.8610257436179634,5.4623979978989565
12.5,45,3b,290000.0,crosslinker_polymer_modifier,0.5,not_applicable,0.0,99.5,0.0,812.644,2.9099003331760613,5.4623979978989565
25.0,45,3b,290000.0,crosslinker_polymer_modifier,0.5,not_applicable,0.0,99.5,0.0,885.057,2.9469712413060907,5.4623979978989565
37.5,45,3b,290000.0,crosslinker_polymer_modifier,0.5,not_applicable,0.0,99.5,0.0,804.598,2.9055789487049872,5.4623979978989565
50.0,45,3b,290000.0,crosslinker_polymer_modifier,0.5,not_applicable,0.0,99.5,0.0,448.563,2.651823447671963,5.4623979978989565
62.5,45,3b,290000.0,crosslinker_polymer_modifier,0.5,not_applicable,0.0,99.5,0.0,191.092,2.2812425058484167,5.4623979978989565
75.0,45,3b,290000.0,crosslinker_polymer_modifier,0.5,not_applicable,0.0,99.5,0.0,120.69,2.081671287290924,5.4623979978989565
87.5,45,3b,290000.0,crosslinker_polymer_modifier,0.5,not_applicable,0.0,99.5,0.0,92.529,1.9662778685888542,5.4623979978989565
100.0,45,3b,290000.0,crosslinker_polymer_modifier,0.5,not_applicable,0.0,99.5,0.0,76.437,1.8833036335240902,5.4623979978989565
112.5,45,3b,290000.0,crosslinker_polymer_modifier,0.5,not_applicable,0.0,99.5,0.0,70.402,1.847584996878279,5.4623979978989565
125.0,45,3b,290000.0,crosslinker_polymer_modifier,0.5,not_applicable,0.0,99.5,0.0,64.368,1.8086700152271862,5.4623979978989565
137.5,45,3b,290000.0,crosslinker_polymer_modifier,0.5,not_applicable,0.0,99.5,0.0,60.345,1.7806412916269425,5.4623979978989565
-37.5,45,4b,290000.0,crosslinker_polymer_modifier,1.0,not_applicable,0.0,99.0,0.0,1287.356,3.109698661477929,5.4623979978989565
-25.0,45,4b,290000.0,crosslinker_polymer_modifier,1.0,not_applicable,0.0,99.0,0.0,820.69,2.9141791416341905,5.4623979978989565
-12.5,45,4b,290000.0,crosslinker_polymer_modifier,1.0,not_applicable,0.0,99.0,0.0,683.908,2.8349976839136626,5.4623979978989565
0.0,45,4b,290000.0,crosslinker_polymer_modifier,1.0,not_applicable,0.0,99.0,0.0,627.586,2.79767324691209,5.4623979978989565
12.5,45,4b,290000.0,crosslinker_polymer_modifier,1.0,not_applicable,0.0,99.0,0.0,887.069,2.9479574024177095,5.4623979978989565
25.0,45,4b,290000.0,crosslinker_polymer_modifier,1.0,not_applicable,0.0,99.0,0.0,1315.517,3.119096464704875,5.4623979978989565
37.5,45,4b,290000.0,crosslinker_polymer_modifier,1.0,not_applicable,0.0,99.0,0.0,975.575,2.989260662591712,5.4623979978989565
50.0,45,4b,290000.0,crosslinker_polymer_modifier,1.0,not_applicable,0.0,99.0,0.0,364.08,2.5611968224983364,5.4623979978989565
62.5,45,4b,290000.0,crosslinker_polymer_modifier,1.0,not_applicable,0.0,99.0,0.0,150.862,2.1785798609247102,5.4623979978989565
75.0,45,4b,290000.0,crosslinker_polymer_modifier,1.0,not_applicable,0.0,99.0,0.0,80.46,1.9055800282352424,5.4623979978989565
87.5,45,4b,290000.0,crosslinker_polymer_modifier,1.0,not_applicable,0.0,99.0,0.0,66.379,1.8220307054731093,5.4623979978989565
100.0,45,4b,290000.0,crosslinker_polymer_modifier,1.0,not_applicable,0.0,99.0,0.0,66.379,1.8220307054731093,5.4623979978989565
112.5,45,4b,290000.0,crosslinker_polymer_modifier,1.0,not_applicable,0.0,99.0,0.0,80.46,1.9055800282352424,5.4623979978989565
125.0,45,4b,290000.0,crosslinker_polymer_modifier,1.0,not_applicable,0.0,99.0,0.0,72.414,1.8598225376745674,5.4623979978989565
137.5,45,4b,290000.0,crosslinker_polymer_modifier,1.0,not_applicable,0.0,99.0,0.0,60.345,1.7806412916269425,5.4623979978989565
-25.0,52,1,150000.0,not_applicable,0.0,not_applicable,0.0,100.0,0.0,30926.641,4.490332753033147,5.176091259055681
-15.0,52,1,150000.0,not_applicable,0.0,not_applicable,0.0,100.0,0.0,32548.263,4.512527816571065,5.176091259055681
-5.0,52,1,150000.0,not_applicable,0.0,not_applicable,0.0,100.0,0.0,34401.544,4.536577934886417,5.176091259055681
5.0,52,1,150000.0,not_applicable,0.0,not_applicable,0.0,100.0,0.0,40193.05,4.6041509633433355,5.176091259055681
15.0,52,1,150000.0,not_applicable,0.0,not_applicable,0.0,100.0,0.0,50849.421,4.706286012166598,5.176091259055681
25.0,52,1,150000.0,not_applicable,0.0,not_applicable,0.0,100.0,0.0,66138.996,4.820457597971556,5.176091259055681
35.0,52,1,150000.0,not_applicable,0.0,not_applicable,0.0,100.0,0.0,72162.162,4.858309536321638,5.176091259055681
45.0,52,1,150000.0,not_applicable,0.0,not_applicable,0.0,100.0,0.0,58262.548,4.765389473737279,5.176091259055681
55.0,52,1,150000.0,not_applicable,0.0,not_applicable,0.0,100.0,0.0,47606.178,4.677663316107184,5.176091259055681
65.0,52,1,150000.0,not_applicable,0.0,not_applicable,0.0,100.0,0.0,38339.768,4.583649480565397,5.176091259055681
75.0,52,1,150000.0,not_applicable,0.0,not_applicable,0.0,100.0,0.0,33706.564,4.527714483405117,5.176091259055681
90.0,52,1,150000.0,not_applicable,0.0,not_applicable,0.0,100.0,0.0,34169.884,4.53364350445737,5.176091259055681
-25.0,52,2,150000.0,plasticizer_modifier,20.0,not_applicable,0.0,80.0,0.0,95096.525,4.9781646473170325,5.176091259055681
-15.0,52,2,150000.0,plasticizer_modifier,20.0,not_applicable,0.0,80.0,0.0,110849.421,5.044733429005205,5.176091259055681
-5.0,52,2,150000.0,plasticizer_modifier,20.0,not_applicable,0.0,80.0,0.0,147683.398,5.1693316763394215,5.176091259055681
5.0,52,2,150000.0,plasticizer_modifier,20.0,not_applicable,0.0,80.0,0.0,108301.158,5.034633100303265,5.176091259055681
15.0,52,2,150000.0,plasticizer_modifier,20.0,not_applicable,0.0,80.0,0.0,94633.205,4.976043548854138,5.176091259055681
25.0,52,2,150000.0,plasticizer_modifier,20.0,not_applicable,0.0,80.0,0.0,85830.116,4.933639699477341,5.176091259055681
35.0,52,2,150000.0,plasticizer_modifier,20.0,not_applicable,0.0,80.0,0.0,79111.969,4.898242193705276,5.176091259055681
45.0,52,2,150000.0,plasticizer_modifier,20.0,not_applicable,0.0,80.0,0.0,72393.822,4.859701505619924,5.176091259055681
55.0,52,2,150000.0,plasticizer_modifier,20.0,not_applicable,0.0,80.0,0.0,61042.471,4.785632105548792,5.176091259055681
65.0,52,2,150000.0,plasticizer_modifier,20.0,not_applicable,0.0,80.0,0.0,52471.042,4.719919688752499,5.176091259055681
75.0,52,2,150000.0,plasticizer_modifier,20.0,not_applicable,0.0,80.0,0.0,52007.722,4.71606783157725,5.176091259055681
90.0,52,2,150000.0,plasticizer_modifier,20.0,not_applicable,0.0,80.0,0.0,52934.363,4.7237376912467735,5.176091259055681
-15.0,52,3,150000.0,plasticizer_modifier,40.0,not_applicable,0.0,60.0,0.0,132625.483,5.122626978540709,5.176091259055681
-5.0,52,3,150000.0,plasticizer_modifier,40.0,not_applicable,0.0,60.0,0.0,133320.463,5.124896813224286,5.176091259055681
5.0,52,3,150000.0,plasticizer_modifier,40.0,not_applicable,0.0,60.0,0.0,81891.892,4.913240905008636,5.176091259055681
15.0,52,3,150000.0,plasticizer_modifier,40.0,not_applicable,0.0,60.0,0.0,46911.197,4.6712765146752,5.176091259055681
25.0,52,3,150000.0,plasticizer_modifier,40.0,not_applicable,0.0,60.0,0.0,34401.544,4.536577934886417,5.176091259055681
35.0,52,3,150000.0,plasticizer_modifier,40.0,not_applicable,0.0,60.0,0.0,26525.097,4.423656980753877,5.176091259055681
45.0,52,3,150000.0,plasticizer_modifier,40.0,not_applicable,0.0,60.0,0.0,22123.552,4.344854855460759,5.176091259055681
55.0,52,3,150000.0,plasticizer_modifier,40.0,not_applicable,0.0,60.0,0.0,19575.29,4.291708204674647,5.176091259055681
65.0,52,3,150000.0,plasticizer_modifier,40.0,not_applicable,0.0,60.0,0.0,18648.649,4.27064737485262,5.176091259055681
75.0,52,3,150000.0,plasticizer_modifier,40.0,not_applicable,0.0,60.0,0.0,18416.988,4.26521860512578,5.176091259055681
90.0,52,3,150000.0,plasticizer_modifier,40.0,not_applicable,0.0,60.0,0.0,17490.347,4.242798425755995,5.176091259055681
-15.0,52,4,150000.0,plasticizer_modifier,60.0,not_applicable,0.0,40.0,0.0,132625.483,5.122626978540709,5.176091259055681
-5.0,52,4,150000.0,plasticizer_modifier,60.0,not_applicable,0.0,40.0,0.0,126138.996,5.1008493699156245,5.176091259055681
5.0,52,4,150000.0,plasticizer_modifier,60.0,not_applicable,0.0,40.0,0.0,60579.151,4.782323182522772,5.176091259055681
15.0,52,4,150000.0,plasticizer_modifier,60.0,not_applicable,0.0,40.0,0.0,35328.185,4.548121325950767,5.176091259055681
25.0,52,4,150000.0,plasticizer_modifier,60.0,not_applicable,0.0,40.0,0.0,25366.795,4.4042655991987765,5.176091259055681
35.0,52,4,150000.0,plasticizer_modifier,60.0,not_applicable,0.0,40.0,0.0,20501.931,4.311794767550874,5.176091259055681
45.0,52,4,150000.0,plasticizer_modifier,60.0,not_applicable,0.0,40.0,0.0,16100.386,4.206836288184674,5.176091259055681
55.0,52,4,150000.0,plasticizer_modifier,60.0,not_applicable,0.0,40.0,0.0,15405.405,4.187673120176694,5.176091259055681
65.0,52,4,150000.0,plasticizer_modifier,60.0,not_applicable,0.0,40.0,0.0,14247.104,4.153726594545329,5.176091259055681
75.0,52,4,150000.0,plasticizer_modifier,60.0,not_applicable,0.0,40.0,0.0,13320.463,4.1245193205437785,5.176091259055681
90.0,52,4,150000.0,plasticizer_modifier,60.0,not_applicable,0.0,40.0,0.0,12625.483,4.101248001461776,5.176091259055681
-10.0,56,1a,293500.0,not_applicable,0.0,not_applicable,0.0,100.0,0.0,102343860.287,8.010061794009212,5.467608105583634
0.0,56,1a,293500.0,not_applicable,0.0,not_applicable,0.0,100.0,0.0,105005027.432,8.021210092724289,5.467608105583634
10.0,56,1a,293500.0,not_applicable,0.0,not_applicable,0.0,100.0,0.0,101558740.066,8.00671730439371,5.467608105583634
20.0,56,1a,293500.0,not_applicable,0.0,not_applicable,0.0,100.0,0.0,87960326.264,7.944286831584524,5.467608105583634
30.0,56,1a,293500.0,not_applicable,0.0,not_applicable,0.0,100.0,0.0,70536103.108,7.84841146262604,5.467608105583634
40.0,56,1a,293500.0,not_applicable,0.0,not_applicable,0.0,100.0,0.0,55271674.849,7.7425026248252715,5.467608105583634
50.0,56,1a,293500.0,not_applicable,0.0,not_applicable,0.0,100.0,0.0,47139304.738,7.6733831727857424,5.467608105583634
60.0,56,1a,293500.0,not_applicable,0.0,not_applicable,0.0,100.0,0.0,43870030.503,7.642167936371664,5.467608105583634
70.0,56,1a,293500.0,not_applicable,0.0,not_applicable,0.0,100.0,0.0,40410421.511,7.606493380483396,5.467608105583634
80.0,56,1a,293500.0,not_applicable,0.0,not_applicable,0.0,100.0,0.0,39285316.096,7.594230251898535,5.467608105583634
90.0,56,1a,293500.0,not_applicable,0.0,not_applicable,0.0,100.0,0.0,38289699.076,7.583081953181163,5.467608105583634
100.0,56,1a,293500.0,not_applicable,0.0,not_applicable,0.0,100.0,0.0,37128208.538,7.569703994719537,5.467608105583634
110.0,56,1a,293500.0,not_applicable,0.0,not_applicable,0.0,100.0,0.0,35817591.294,7.554096376518657,5.467608105583634
120.0,56,1a,293500.0,not_applicable,0.0,not_applicable,0.0,100.0,0.0,33677547.674,7.527340459596456,5.467608105583634
-40.0,59,1,550000.0,not_applicable,0.0,not_applicable,0.0,100.0,0.0,125.12748,2.0973526981967985,5.740362689494244
-30.0,59,1,550000.0,not_applicable,0.0,not_applicable,0.0,100.0,0.0,159.016986,2.2014435176038383,5.740362689494244
-20.0,59,1,550000.0,not_applicable,0.0,not_applicable,0.0,100.0,0.0,184.73655200000002,2.266552833509273,5.740362689494244
-10.0,59,1,550000.0,not_applicable,0.0,not_applicable,0.0,100.0,0.0,197.160062,2.294818946053257,5.740362689494244
0.0,59,1,550000.0,not_applicable,0.0,not_applicable,0.0,100.0,0.0,208.71105,2.3195454429657167,5.740362689494244
10.0,59,1,550000.0,not_applicable,0.0,not_applicable,0.0,100.0,0.0,195.42492,2.2909799428445035,5.740362689494244
20.0,59,1,550000.0,not_applicable,0.0,not_applicable,0.0,100.0,0.0,184.855496,2.266832367254214,5.740362689494244
30.0,59,1,550000.0,not_applicable,0.0,not_applicable,0.0,100.0,0.0,161.45609599999997,2.2080544470563814,5.740362689494244
40.0,59,1,550000.0,not_applicable,0.0,not_applicable,0.0,100.0,0.0,134.150115,2.1275910493064596,5.740362689494244
50.0,59,1,550000.0,not_applicable,0.0,not_applicable,0.0,100.0,0.0,124.89942599999999,2.0965604424925868,5.740362689494244
60.0,59,1,550000.0,not_applicable,0.0,not_applicable,0.0,100.0,0.0,118.682739,2.0743875605539683,5.740362689494244
70.0,59,1,550000.0,not_applicable,0.0,not_applicable,0.0,100.0,0.0,108.509904,2.0354693792559693,5.740362689494244
80.0,59,1,550000.0,not_applicable,0.0,not_applicable,0.0,100.0,0.0,94.648738,1.9761148276681193,5.740362689494244
90.0,59,1,550000.0,not_applicable,0.0,not_applicable,0.0,100.0,0.0,86.944793,1.9392435778386614,5.740362689494244
100.0,59,1,550000.0,not_applicable,0.0,not_applicable,0.0,100.0,0.0,85.596284,1.9324549110168132,5.740362689494244
110.0,59,1,550000.0,not_applicable,0.0,not_applicable,0.0,100.0,0.0,83.2861,1.9205725260524518,5.740362689494244
-40.0,59,2,550000.0,reinforcement,5.0,not_applicable,0.0,95.0,0.0,132.06798,2.120797535290919,5.740362689494244
-30.0,59,2,550000.0,reinforcement,5.0,not_applicable,0.0,95.0,0.0,169.18980299999998,2.2283741847415315,5.740362689494244
-20.0,59,2,550000.0,reinforcement,5.0,not_applicable,0.0,95.0,0.0,196.87251200000003,2.2941850827197148,5.740362689494244
-10.0,59,2,550000.0,reinforcement,5.0,not_applicable,0.0,95.0,0.0,214.64020700000003,2.3317110784996746,5.740362689494244
0.0,59,2,550000.0,reinforcement,5.0,not_applicable,0.0,95.0,0.0,227.05380000000002,2.3561287747030555,5.740362689494244
10.0,59,2,550000.0,reinforcement,5.0,not_applicable,0.0,95.0,0.0,213.093504,2.328570210765564,5.740362689494244
20.0,59,2,550000.0,reinforcement,5.0,not_applicable,0.0,95.0,0.0,201.82011999999997,2.3049644600644377,5.740362689494244
30.0,59,2,550000.0,reinforcement,5.0,not_applicable,0.0,95.0,0.0,176.08072099999998,2.2457118078601503,5.740362689494244
40.0,59,2,550000.0,reinforcement,5.0,not_applicable,0.0,95.0,0.0,157.361201,2.1968976615127187,5.740362689494244
50.0,59,2,550000.0,reinforcement,5.0,not_applicable,0.0,95.0,0.0,147.53538600000002,2.168896197272876,5.740362689494244
60.0,59,2,550000.0,reinforcement,5.0,not_applicable,0.0,95.0,0.0,141.586404,2.1510215517205,5.740362689494244
70.0,59,2,550000.0,reinforcement,5.0,not_applicable,0.0,95.0,0.0,126.594872,2.1024161139972244,5.740362689494244
80.0,59,2,550000.0,reinforcement,5.0,not_applicable,0.0,95.0,0.0,116.451837,2.0661463438167766,5.740362689494244
90.0,59,2,550000.0,reinforcement,5.0,not_applicable,0.0,95.0,0.0,104.51418100000001,2.0191752216643506,5.740362689494244
100.0,59,2,550000.0,reinforcement,5.0,not_applicable,0.0,95.0,0.0,101.430636,2.0061691486484454,5.740362689494244
110.0,59,2,550000.0,reinforcement,5.0,not_applicable,0.0,95.0,0.0,96.929144,1.9864543774157546,5.740362689494244
-40.0,59,3,550000.0,plasticizer_modifier,10.0,reinforcement,5.0,85.0,0.0,134.685552,2.129321010546951,5.740362689494244
-30.0,59,3,550000.0,plasticizer_modifier,10.0,reinforcement,5.0,85.0,0.0,154.37676,2.188581921884266,5.740362689494244
-20.0,59,3,550000.0,plasticizer_modifier,10.0,reinforcement,5.0,85.0,0.0,156.75638800000002,2.195225247854411,5.740362689494244
-10.0,59,3,550000.0,plasticizer_modifier,10.0,reinforcement,5.0,85.0,0.0,160.08782399999998,2.2043583014964176,5.740362689494244
0.0,59,3,550000.0,plasticizer_modifier,10.0,reinforcement,5.0,85.0,0.0,180.45325000000003,2.2563647081985505,5.740362689494244
10.0,59,3,550000.0,plasticizer_modifier,10.0,reinforcement,5.0,85.0,0.0,185.440481,2.268204545104502,5.740362689494244
20.0,59,3,550000.0,plasticizer_modifier,10.0,reinforcement,5.0,85.0,0.0,177.339954,2.2488065914776043,5.740362689494244
30.0,59,3,550000.0,plasticizer_modifier,10.0,reinforcement,5.0,85.0,0.0,163.10196,2.2124591799983993,5.740362689494244
40.0,59,3,550000.0,plasticizer_modifier,10.0,reinforcement,5.0,85.0,0.0,138.889524,2.1426694895059977,5.740362689494244
50.0,59,3,550000.0,plasticizer_modifier,10.0,reinforcement,5.0,85.0,0.0,123.828642,2.0928211101432295,5.740362689494244
60.0,59,3,550000.0,plasticizer_modifier,10.0,reinforcement,5.0,85.0,0.0,122.192618,2.0870449697469278,5.740362689494244
70.0,59,3,550000.0,plasticizer_modifier,10.0,reinforcement,5.0,85.0,0.0,115.84704400000001,2.063884956633832,5.740362689494244
80.0,59,3,550000.0,plasticizer_modifier,10.0,reinforcement,5.0,85.0,0.0,104.19692099999999,2.01785488583043,5.740362689494244
90.0,59,3,550000.0,plasticizer_modifier,10.0,reinforcement,5.0,85.0,0.0,102.124603,2.0091303812639048,5.740362689494244
100.0,59,3,550000.0,plasticizer_modifier,10.0,reinforcement,5.0,85.0,0.0,97.20677400000001,1.9876965304438907,5.740362689494244
110.0,59,3,550000.0,plasticizer_modifier,10.0,reinforcement,5.0,85.0,0.0,91.19829600000001,1.959986723803079,5.740362689494244
-40.0,59,4,550000.0,plasticizer_modifier,10.0,reinforcement,5.0,85.0,0.0,175.971658,2.2454427259654075,5.740362689494244
-30.0,59,4,550000.0,plasticizer_modifier,10.0,reinforcement,5.0,85.0,0.0,211.626082,2.3255691915797354,5.740362689494244
-20.0,59,4,550000.0,plasticizer_modifier,10.0,reinforcement,5.0,85.0,0.0,184.538262,2.266086426065123,5.740362689494244
-10.0,59,4,550000.0,plasticizer_modifier,10.0,reinforcement,5.0,85.0,0.0,167.61332,2.2243085284508073,5.740362689494244
0.0,59,4,550000.0,plasticizer_modifier,10.0,reinforcement,5.0,85.0,0.0,173.096302,2.2382877897809434,5.740362689494244
10.0,59,4,550000.0,plasticizer_modifier,10.0,reinforcement,5.0,85.0,0.0,164.985856,2.2174467143687835,5.740362689494244
20.0,59,4,550000.0,plasticizer_modifier,10.0,reinforcement,5.0,85.0,0.0,158.392338,2.1997341693948758,5.740362689494244
30.0,59,4,550000.0,plasticizer_modifier,10.0,reinforcement,5.0,85.0,0.0,142.33996199999999,2.1533268455488486,5.740362689494244
40.0,59,4,550000.0,plasticizer_modifier,10.0,reinforcement,5.0,85.0,0.0,121.796008,2.0856330540441186,5.740362689494244
50.0,59,4,550000.0,plasticizer_modifier,10.0,reinforcement,5.0,85.0,0.0,111.464584,2.047136899521979,5.740362689494244
60.0,59,4,550000.0,plasticizer_modifier,10.0,reinforcement,5.0,85.0,0.0,110.373964,2.042866640198809,5.740362689494244
70.0,59,4,550000.0,plasticizer_modifier,10.0,reinforcement,5.0,85.0,0.0,100.022624,2.000098243670681,5.740362689494244
80.0,59,4,550000.0,plasticizer_modifier,10.0,reinforcement,5.0,85.0,0.0,89.631713,1.9524616965383794,5.740362689494244
90.0,59,4,550000.0,plasticizer_modifier,10.0,reinforcement,5.0,85.0,0.0,84.674222,1.9277512149693496,5.740362689494244
100.0,59,4,550000.0,plasticizer_modifier,10.0,reinforcement,5.0,85.0,0.0,81.20398,1.9095773155672655,5.740362689494244
110.0,59,4,550000.0,plasticizer_modifier,10.0,reinforcement,5.0,85.0,0.0,75.80031400000001,1.8796710046846243,5.740362689494244
-40.0,59,5,550000.0,plasticizer_modifier,10.0,not_applicable,0.0,90.0,0.0,148.169984,2.1707602339843213,5.740362689494244
-30.0,59,5,550000.0,plasticizer_modifier,10.0,not_applicable,0.0,90.0,0.0,160.68271199999998,2.2059691531361545,5.740362689494244
-20.0,59,5,550000.0,plasticizer_modifier,10.0,not_applicable,0.0,90.0,0.0,166.264881,2.2208005258365766,5.740362689494244
-10.0,59,5,550000.0,plasticizer_modifier,10.0,not_applicable,0.0,90.0,0.0,168.75352999999998,2.227252866205206,5.740362689494244
0.0,59,5,550000.0,plasticizer_modifier,10.0,not_applicable,0.0,90.0,0.0,180.849885,2.2573182369357294,5.740362689494244
10.0,59,5,550000.0,plasticizer_modifier,10.0,not_applicable,0.0,90.0,0.0,184.03259100000002,2.26489474060783,5.740362689494244
20.0,59,5,550000.0,plasticizer_modifier,10.0,not_applicable,0.0,90.0,0.0,167.28610799999998,2.2234598771880667,5.740362689494244
30.0,59,5,550000.0,plasticizer_modifier,10.0,not_applicable,0.0,90.0,0.0,137.858318,2.1394329753929364,5.740362689494244
40.0,59,5,550000.0,plasticizer_modifier,10.0,not_applicable,0.0,90.0,0.0,113.754949,2.055970300068809,5.740362689494244
50.0,59,5,550000.0,plasticizer_modifier,10.0,not_applicable,0.0,90.0,0.0,91.922111,1.9634199894087325,5.740362689494244
60.0,59,5,550000.0,plasticizer_modifier,10.0,not_applicable,0.0,90.0,0.0,78.8244,1.8966606736453673,5.740362689494244
70.0,59,5,550000.0,plasticizer_modifier,10.0,not_applicable,0.0,90.0,0.0,65.042482,1.8131971054386764,5.740362689494244
80.0,59,5,550000.0,plasticizer_modifier,10.0,not_applicable,0.0,90.0,0.0,58.00284,1.7634492584962587,5.740362689494244
90.0,59,5,550000.0,plasticizer_modifier,10.0,not_applicable,0.0,90.0,0.0,53.303136,1.7267527607607285,5.740362689494244
100.0,59,5,550000.0,plasticizer_modifier,10.0,not_applicable,0.0,90.0,0.0,52.053855,1.7164528979816585,5.740362689494244
110.0,59,5,550000.0,plasticizer_modifier,10.0,not_applicable,0.0,90.0,0.0,51.31024,1.7102040460417012,5.740362689494244
-40.0,59,6,550000.0,plasticizer_modifier,10.0,not_applicable,0.0,90.0,0.0,191.776196,2.2827946998762845,5.740362689494244
-30.0,59,6,550000.0,plasticizer_modifier,10.0,not_applicable,0.0,90.0,0.0,188.216732,2.274658228508186,5.740362689494244
-20.0,59,6,550000.0,plasticizer_modifier,10.0,not_applicable,0.0,90.0,0.0,182.049573,2.2601896646269455,5.740362689494244
-10.0,59,6,550000.0,plasticizer_modifier,10.0,not_applicable,0.0,90.0,0.0,182.75351999999998,2.261865750619523,5.740362689494244
0.0,59,6,550000.0,plasticizer_modifier,10.0,not_applicable,0.0,90.0,0.0,196.91219999999998,2.294272624358234,5.740362689494244
10.0,59,6,550000.0,plasticizer_modifier,10.0,not_applicable,0.0,90.0,0.0,186.73940199999998,2.27123596372158,5.740362689494244
20.0,59,6,550000.0,plasticizer_modifier,10.0,not_applicable,0.0,90.0,0.0,168.95184,2.2277629258978067,5.740362689494244
30.0,59,6,550000.0,plasticizer_modifier,10.0,not_applicable,0.0,90.0,0.0,140.72376100000002,2.148367433610571,5.740362689494244
40.0,59,6,550000.0,plasticizer_modifier,10.0,not_applicable,0.0,90.0,0.0,111.04816000000001,2.0455113669505263,5.740362689494244
50.0,59,6,550000.0,plasticizer_modifier,10.0,not_applicable,0.0,90.0,0.0,88.51136299999999,1.9469990285669363,5.740362689494244
60.0,59,6,550000.0,plasticizer_modifier,10.0,not_applicable,0.0,90.0,0.0,77.535385,1.88949994770703,5.740362689494244
70.0,59,6,550000.0,plasticizer_modifier,10.0,not_applicable,0.0,90.0,0.0,58.240798999999996,1.7652273243906742,5.740362689494244
80.0,59,6,550000.0,plasticizer_modifier,10.0,not_applicable,0.0,90.0,0.0,44.27057,1.6461151137172947,5.740362689494244
90.0,59,6,550000.0,plasticizer_modifier,10.0,not_applicable,0.0,90.0,0.0,40.6516,1.6090776435954302,5.740362689494244
100.0,59,6,550000.0,plasticizer_modifier,10.0,not_applicable,0.0,90.0,0.0,39.987304,1.6019221243787638,5.740362689494244
110.0,59,6,550000.0,plasticizer_modifier,10.0,not_applicable,0.0,90.0,0.0,38.60901,1.5866886657253343,5.740362689494244
